year,site_id,watershed_name,watershed_area_sqmi,flow_gage_name,gaged_area_sqmi,gaged_annual_mean_cfs,area_ratio_watershed_to_gaged,watershed_annual_mean_cfs,watershed_annual_runoff_cfs_per_sqmi
1990,,Brandywine River in DE,22.98,"BRANDYWINE CREEK AT WILMINGTON, DE",314,441.2,0.07,32.29,1.4
1991,,Brandywine River in DE,22.98,"BRANDYWINE CREEK AT WILMINGTON, DE",314,363.8,0.07,26.62,1.2
1992,,Brandywine River in DE,22.98,"BRANDYWINE CREEK AT WILMINGTON, DE",314,320.6,0.07,23.46,1
1993,,Brandywine River in DE,22.98,"BRANDYWINE CREEK AT WILMINGTON, DE",314,561.3,0.07,41.08,1.8
1994,,Brandywine River in DE,22.98,"BRANDYWINE CREEK AT WILMINGTON, DE",314,550.5,0.07,40.29,1.8
1995,,Brandywine River in DE,22.98,"BRANDYWINE CREEK AT WILMINGTON, DE",314,319.2,0.07,23.36,1
1996,,Brandywine River in DE,22.98,"BRANDYWINE CREEK AT WILMINGTON, DE",314,913.6,0.07,66.86,2.9
1997,,Brandywine River in DE,22.98,"BRANDYWINE CREEK AT WILMINGTON, DE",314,435.4,0.07,31.86,1.4
1998,,Brandywine River in DE,22.98,"BRANDYWINE CREEK AT WILMINGTON, DE",314,413.7,0.07,30.28,1.3
1999,,Brandywine River in DE,22.98,"BRANDYWINE CREEK AT WILMINGTON, DE",314,435.6,0.07,31.88,1.4
2000,,Brandywine River in DE,22.98,"BRANDYWINE CREEK AT WILMINGTON, DE",314,518.1,0.07,37.92,1.7
2001,,Brandywine River in DE,22.98,"BRANDYWINE CREEK AT WILMINGTON, DE",314,347,0.07,25.4,1.1
2002,,Brandywine River in DE,22.98,"BRANDYWINE CREEK AT WILMINGTON, DE",314,246.7,0.07,18.05,0.8
2003,,Brandywine River in DE,22.98,"BRANDYWINE CREEK AT WILMINGTON, DE",314,862.7,0.07,63.14,2.7
2004,,Brandywine River in DE,22.98,"BRANDYWINE CREEK AT WILMINGTON, DE",314,713.1,0.07,52.19,2.3
2005,,Brandywine River in DE,22.98,"BRANDYWINE CREEK AT WILMINGTON, DE",314,590.2,0.07,43.19,1.9
2006,,Brandywine River in DE,22.98,"BRANDYWINE CREEK AT WILMINGTON, DE",314,521.3,0.07,38.15,1.7
2007,,Brandywine River in DE,22.98,"BRANDYWINE CREEK AT WILMINGTON, DE",314,490.8,0.07,35.92,1.6
2008,,Brandywine River in DE,22.98,"BRANDYWINE CREEK AT WILMINGTON, DE",314,411.1,0.07,30.09,1.3
2009,,Brandywine River in DE,22.98,"BRANDYWINE CREEK AT WILMINGTON, DE",314,508.8,0.07,37.24,1.6
2010,,Brandywine River in DE,22.98,"BRANDYWINE CREEK AT WILMINGTON, DE",314,543,0.07,39.74,1.7
2011,,Brandywine River in DE,22.98,"BRANDYWINE CREEK AT WILMINGTON, DE",314,741.3,0.07,54.25,2.4
2012,,Brandywine River in DE,22.98,"BRANDYWINE CREEK AT WILMINGTON, DE",314,399.8,0.07,29.26,1.3
2013,,Brandywine River in DE,22.98,"BRANDYWINE CREEK AT WILMINGTON, DE",314,526.4,0.07,38.52,1.7
2014,,Brandywine River in DE,22.98,"BRANDYWINE CREEK AT WILMINGTON, DE",314,608.8,0.07,44.55,1.9
2015,,Brandywine River in DE,22.98,"BRANDYWINE CREEK AT WILMINGTON, DE",314,369.5,0.07,27.04,1.2
2016,,Brandywine River in DE,22.98,"BRANDYWINE CREEK AT WILMINGTON, DE",314,358.4,0.07,26.23,1.1
2017,,Brandywine River in DE,22.98,"BRANDYWINE CREEK AT WILMINGTON, DE",314,312.7,0.07,22.88,1
2018,,Brandywine River in DE,22.98,"BRANDYWINE CREEK AT WILMINGTON, DE",314,787.6,0.07,57.64,2.5
2019,,Brandywine River in DE,22.98,"BRANDYWINE CREEK AT WILMINGTON, DE",314,701.2,0.07,51.32,2.2
1990,,Christina River in DE,67.2,"CHRISTINA RIVER AT COOCHS BRIDGE, DE",20.5,34.2,3.28,112.11,1.7
1991,,Christina River in DE,67.2,"CHRISTINA RIVER AT COOCHS BRIDGE, DE",20.5,25.2,3.28,82.61,1.2
1992,,Christina River in DE,67.2,"CHRISTINA RIVER AT COOCHS BRIDGE, DE",20.5,25.9,3.28,84.9,1.3
1993,,Christina River in DE,67.2,"CHRISTINA RIVER AT COOCHS BRIDGE, DE",20.5,37.9,3.28,124.24,1.8
1994,,Christina River in DE,67.2,"CHRISTINA RIVER AT COOCHS BRIDGE, DE",20.5,33.5,3.28,109.81,1.6
1995,,Christina River in DE,67.2,"CHRISTINA RIVER AT COOCHS BRIDGE, DE",20.5,21.4,3.28,70.15,1
1996,,Christina River in DE,67.2,"CHRISTINA RIVER AT COOCHS BRIDGE, DE",20.5,50.9,3.28,166.85,2.5
1997,,Christina River in DE,67.2,"CHRISTINA RIVER AT COOCHS BRIDGE, DE",20.5,23.8,3.28,78.02,1.2
1998,,Christina River in DE,67.2,"CHRISTINA RIVER AT COOCHS BRIDGE, DE",20.5,22.8,3.28,74.74,1.1
1999,,Christina River in DE,67.2,"CHRISTINA RIVER AT COOCHS BRIDGE, DE",20.5,29.3,3.28,96.05,1.4
2000,,Christina River in DE,67.2,"CHRISTINA RIVER AT COOCHS BRIDGE, DE",20.5,26.1,3.28,85.56,1.3
2001,,Christina River in DE,67.2,"CHRISTINA RIVER AT COOCHS BRIDGE, DE",20.5,19.3,3.28,63.27,0.9
2002,,Christina River in DE,67.2,"CHRISTINA RIVER AT COOCHS BRIDGE, DE",20.5,20.1,3.28,65.89,1
2003,,Christina River in DE,67.2,"CHRISTINA RIVER AT COOCHS BRIDGE, DE",20.5,53.5,3.28,175.38,2.6
2004,,Christina River in DE,67.2,"CHRISTINA RIVER AT COOCHS BRIDGE, DE",20.5,53.2,3.28,174.39,2.6
2005,,Christina River in DE,67.2,"CHRISTINA RIVER AT COOCHS BRIDGE, DE",20.5,27.9,3.28,91.46,1.4
2006,,Christina River in DE,67.2,"CHRISTINA RIVER AT COOCHS BRIDGE, DE",20.5,27.6,3.28,90.47,1.3
2007,,Christina River in DE,67.2,"CHRISTINA RIVER AT COOCHS BRIDGE, DE",20.5,22.2,3.28,72.77,1.1
2008,,Christina River in DE,67.2,"CHRISTINA RIVER AT COOCHS BRIDGE, DE",20.5,18.8,3.28,61.63,0.9
2009,,Christina River in DE,67.2,"CHRISTINA RIVER AT COOCHS BRIDGE, DE",20.5,24.2,3.28,79.33,1.2
2010,,Christina River in DE,67.2,"CHRISTINA RIVER AT COOCHS BRIDGE, DE",20.5,29.5,3.28,96.7,1.4
2011,,Christina River in DE,67.2,"CHRISTINA RIVER AT COOCHS BRIDGE, DE",20.5,44.9,3.28,147.18,2.2
2012,,Christina River in DE,67.2,"CHRISTINA RIVER AT COOCHS BRIDGE, DE",20.5,23.1,3.28,75.72,1.1
2013,,Christina River in DE,67.2,"CHRISTINA RIVER AT COOCHS BRIDGE, DE",20.5,33.7,3.28,110.47,1.6
2014,,Christina River in DE,67.2,"CHRISTINA RIVER AT COOCHS BRIDGE, DE",20.5,32.8,3.28,107.52,1.6
2015,,Christina River in DE,67.2,"CHRISTINA RIVER AT COOCHS BRIDGE, DE",20.5,31,3.28,101.62,1.5
2016,,Christina River in DE,67.2,"CHRISTINA RIVER AT COOCHS BRIDGE, DE",20.5,24.3,3.28,79.66,1.2
2017,,Christina River in DE,67.2,"CHRISTINA RIVER AT COOCHS BRIDGE, DE",20.5,20.2,3.28,66.22,1
2018,,Christina River in DE,67.2,"CHRISTINA RIVER AT COOCHS BRIDGE, DE",20.5,43.5,3.28,142.6,2.1
2019,,Christina River in DE,67.2,"CHRISTINA RIVER AT COOCHS BRIDGE, DE",20.5,33.9,3.28,111.13,1.7
1990,,Red Clay Creek in DE,21.11,"RED CLAY CREEK AT WOODDALE, DE",47,63.2,0.45,28.39,1.3
1991,,Red Clay Creek in DE,21.11,"RED CLAY CREEK AT WOODDALE, DE",47,47.4,0.45,21.29,1
1992,,Red Clay Creek in DE,21.11,"RED CLAY CREEK AT WOODDALE, DE",47,39.8,0.45,17.88,0.8
1993,,Red Clay Creek in DE,21.11,"RED CLAY CREEK AT WOODDALE, DE",47,72.2,0.45,32.43,1.5
1994,,Red Clay Creek in DE,21.11,"RED CLAY CREEK AT WOODDALE, DE",47,69,0.45,30.99,1.5
1995,,Red Clay Creek in DE,21.11,"RED CLAY CREEK AT WOODDALE, DE",47,37.1,0.45,16.66,0.8
1996,,Red Clay Creek in DE,21.11,"RED CLAY CREEK AT WOODDALE, DE",47,105.1,0.45,47.21,2.2
1997,,Red Clay Creek in DE,21.11,"RED CLAY CREEK AT WOODDALE, DE",47,56.4,0.45,25.33,1.2
1998,,Red Clay Creek in DE,21.11,"RED CLAY CREEK AT WOODDALE, DE",47,42.9,0.45,19.27,0.9
1999,,Red Clay Creek in DE,21.11,"RED CLAY CREEK AT WOODDALE, DE",47,57.2,0.45,25.69,1.2
2000,,Red Clay Creek in DE,21.11,"RED CLAY CREEK AT WOODDALE, DE",47,59.6,0.45,26.77,1.3
2001,,Red Clay Creek in DE,21.11,"RED CLAY CREEK AT WOODDALE, DE",47,45.9,0.45,20.62,1
2002,,Red Clay Creek in DE,21.11,"RED CLAY CREEK AT WOODDALE, DE",47,38.1,0.45,17.11,0.8
2003,,Red Clay Creek in DE,21.11,"RED CLAY CREEK AT WOODDALE, DE",47,129,0.45,57.94,2.7
2004,,Red Clay Creek in DE,21.11,"RED CLAY CREEK AT WOODDALE, DE",47,121.2,0.45,54.44,2.6
2005,,Red Clay Creek in DE,21.11,"RED CLAY CREEK AT WOODDALE, DE",47,77.8,0.45,34.94,1.7
2006,,Red Clay Creek in DE,21.11,"RED CLAY CREEK AT WOODDALE, DE",47,70.7,0.45,31.75,1.5
2007,,Red Clay Creek in DE,21.11,"RED CLAY CREEK AT WOODDALE, DE",47,68.6,0.45,30.81,1.5
2008,,Red Clay Creek in DE,21.11,"RED CLAY CREEK AT WOODDALE, DE",47,53.9,0.45,24.21,1.1
2009,,Red Clay Creek in DE,21.11,"RED CLAY CREEK AT WOODDALE, DE",47,74.9,0.45,33.64,1.6
2010,,Red Clay Creek in DE,21.11,"RED CLAY CREEK AT WOODDALE, DE",47,82.3,0.45,36.96,1.8
2011,,Red Clay Creek in DE,21.11,"RED CLAY CREEK AT WOODDALE, DE",47,100.5,0.45,45.14,2.1
2012,,Red Clay Creek in DE,21.11,"RED CLAY CREEK AT WOODDALE, DE",47,58.5,0.45,26.28,1.2
2013,,Red Clay Creek in DE,21.11,"RED CLAY CREEK AT WOODDALE, DE",47,75.7,0.45,34,1.6
2014,,Red Clay Creek in DE,21.11,"RED CLAY CREEK AT WOODDALE, DE",47,84,0.45,37.73,1.8
2015,,Red Clay Creek in DE,21.11,"RED CLAY CREEK AT WOODDALE, DE",47,58.4,0.45,26.23,1.2
2016,,Red Clay Creek in DE,21.11,"RED CLAY CREEK AT WOODDALE, DE",47,49.4,0.45,22.19,1.1
2017,,Red Clay Creek in DE,21.11,"RED CLAY CREEK AT WOODDALE, DE",47,48.7,0.45,21.87,1
2018,,Red Clay Creek in DE,21.11,"RED CLAY CREEK AT WOODDALE, DE",47,95.1,0.45,42.71,2
2019,,Red Clay Creek in DE,21.11,"RED CLAY CREEK AT WOODDALE, DE",47,88.6,0.45,39.79,1.9
1990,,White Clay Creek in DE,46.21,"WHITE CLAY CREEK NEAR NEWARK, DE",89.1,119,0.52,61.72,1.3
1991,,White Clay Creek in DE,46.21,"WHITE CLAY CREEK NEAR NEWARK, DE",89.1,91.7,0.52,47.56,1
1992,,White Clay Creek in DE,46.21,"WHITE CLAY CREEK NEAR NEWARK, DE",89.1,86.7,0.52,44.97,1
1993,,White Clay Creek in DE,46.21,"WHITE CLAY CREEK NEAR NEWARK, DE",89.1,144.4,0.52,74.89,1.6
1994,,White Clay Creek in DE,46.21,"WHITE CLAY CREEK NEAR NEWARK, DE",89.1,132.6,0.52,68.77,1.5
1995,,White Clay Creek in DE,46.21,"WHITE CLAY CREEK NEAR NEWARK, DE",89.1,74.7,0.52,38.74,0.8
1996,,White Clay Creek in DE,46.21,"WHITE CLAY CREEK NEAR NEWARK, DE",89.1,209.9,0.52,108.86,2.4
1997,,White Clay Creek in DE,46.21,"WHITE CLAY CREEK NEAR NEWARK, DE",89.1,108.7,0.52,56.38,1.2
1998,,White Clay Creek in DE,46.21,"WHITE CLAY CREEK NEAR NEWARK, DE",89.1,94.1,0.52,48.8,1.1
1999,,White Clay Creek in DE,46.21,"WHITE CLAY CREEK NEAR NEWARK, DE",89.1,113.5,0.52,58.86,1.3
2000,,White Clay Creek in DE,46.21,"WHITE CLAY CREEK NEAR NEWARK, DE",89.1,120.1,0.52,62.29,1.3
2001,,White Clay Creek in DE,46.21,"WHITE CLAY CREEK NEAR NEWARK, DE",89.1,86.4,0.52,44.81,1
2002,,White Clay Creek in DE,46.21,"WHITE CLAY CREEK NEAR NEWARK, DE",89.1,68.3,0.52,35.42,0.8
2003,,White Clay Creek in DE,46.21,"WHITE CLAY CREEK NEAR NEWARK, DE",89.1,215.8,0.52,111.92,2.4
2004,,White Clay Creek in DE,46.21,"WHITE CLAY CREEK NEAR NEWARK, DE",89.1,226.9,0.52,117.68,2.5
2005,,White Clay Creek in DE,46.21,"WHITE CLAY CREEK NEAR NEWARK, DE",89.1,135.7,0.52,70.38,1.5
2006,,White Clay Creek in DE,46.21,"WHITE CLAY CREEK NEAR NEWARK, DE",89.1,120.9,0.52,62.7,1.4
2007,,White Clay Creek in DE,46.21,"WHITE CLAY CREEK NEAR NEWARK, DE",89.1,117.8,0.52,61.09,1.3
2008,,White Clay Creek in DE,46.21,"WHITE CLAY CREEK NEAR NEWARK, DE",89.1,96.2,0.52,49.89,1.1
2009,,White Clay Creek in DE,46.21,"WHITE CLAY CREEK NEAR NEWARK, DE",89.1,133.2,0.52,69.08,1.5
2010,,White Clay Creek in DE,46.21,"WHITE CLAY CREEK NEAR NEWARK, DE",89.1,137.6,0.52,71.36,1.5
2011,,White Clay Creek in DE,46.21,"WHITE CLAY CREEK NEAR NEWARK, DE",89.1,181.4,0.52,94.08,2
2012,,White Clay Creek in DE,46.21,"WHITE CLAY CREEK NEAR NEWARK, DE",89.1,97.2,0.52,50.41,1.1
2013,,White Clay Creek in DE,46.21,"WHITE CLAY CREEK NEAR NEWARK, DE",89.1,142.4,0.52,73.85,1.6
2014,,White Clay Creek in DE,46.21,"WHITE CLAY CREEK NEAR NEWARK, DE",89.1,162.5,0.52,84.28,1.8
2015,,White Clay Creek in DE,46.21,"WHITE CLAY CREEK NEAR NEWARK, DE",89.1,114.7,0.52,59.49,1.3
2016,,White Clay Creek in DE,46.21,"WHITE CLAY CREEK NEAR NEWARK, DE",89.1,95,0.52,49.27,1.1
2017,,White Clay Creek in DE,46.21,"WHITE CLAY CREEK NEAR NEWARK, DE",89.1,73,0.52,37.86,0.8
2018,,White Clay Creek in DE,46.21,"WHITE CLAY CREEK NEAR NEWARK, DE",89.1,180.9,0.52,93.82,2
2019,,White Clay Creek in DE,46.21,"WHITE CLAY CREEK NEAR NEWARK, DE",89.1,156.6,0.52,81.22,1.8
1990,,Naamans Creek in DE,10.2,"SHELLPOT CREEK AT WILMINGTON, DE",7.46,10.6,1.37,14.49,1.4
1991,,Naamans Creek in DE,10.2,"SHELLPOT CREEK AT WILMINGTON, DE",7.46,10.5,1.37,14.36,1.4
1992,,Naamans Creek in DE,10.2,"SHELLPOT CREEK AT WILMINGTON, DE",7.46,7.41,1.37,10.13,1
1993,,Naamans Creek in DE,10.2,"SHELLPOT CREEK AT WILMINGTON, DE",7.46,13.8,1.37,18.87,1.8
1994,,Naamans Creek in DE,10.2,"SHELLPOT CREEK AT WILMINGTON, DE",7.46,13.2,1.37,18.05,1.8
1995,,Naamans Creek in DE,10.2,"SHELLPOT CREEK AT WILMINGTON, DE",7.46,8.35,1.37,11.42,1.1
1996,,Naamans Creek in DE,10.2,"SHELLPOT CREEK AT WILMINGTON, DE",7.46,19.1,1.37,26.12,2.6
1997,,Naamans Creek in DE,10.2,"SHELLPOT CREEK AT WILMINGTON, DE",7.46,8,1.37,10.94,1.1
1998,,Naamans Creek in DE,10.2,"SHELLPOT CREEK AT WILMINGTON, DE",7.46,8.19,1.37,11.2,1.1
1999,,Naamans Creek in DE,10.2,"SHELLPOT CREEK AT WILMINGTON, DE",7.46,14,1.37,19.14,1.9
2000,,Naamans Creek in DE,10.2,"SHELLPOT CREEK AT WILMINGTON, DE",7.46,11.5,1.37,15.72,1.5
2001,,Naamans Creek in DE,10.2,"SHELLPOT CREEK AT WILMINGTON, DE",7.46,7.57,1.37,10.35,1
2002,,Naamans Creek in DE,10.2,"SHELLPOT CREEK AT WILMINGTON, DE",7.46,7.62,1.37,10.42,1
2003,,Naamans Creek in DE,10.2,"SHELLPOT CREEK AT WILMINGTON, DE",7.46,20.3,1.37,27.76,2.7
2004,,Naamans Creek in DE,10.2,"SHELLPOT CREEK AT WILMINGTON, DE",7.46,16.7,1.37,22.83,2.2
2005,,Naamans Creek in DE,10.2,"SHELLPOT CREEK AT WILMINGTON, DE",7.46,10.8,1.37,14.77,1.4
2006,,Naamans Creek in DE,10.2,"SHELLPOT CREEK AT WILMINGTON, DE",7.46,12.2,1.37,16.68,1.6
2007,,Naamans Creek in DE,10.2,"SHELLPOT CREEK AT WILMINGTON, DE",7.46,11.7,1.37,16,1.6
2008,,Naamans Creek in DE,10.2,"SHELLPOT CREEK AT WILMINGTON, DE",7.46,9.97,1.37,13.63,1.3
2009,,Naamans Creek in DE,10.2,"SHELLPOT CREEK AT WILMINGTON, DE",7.46,13.8,1.37,18.87,1.8
2010,,Naamans Creek in DE,10.2,"SHELLPOT CREEK AT WILMINGTON, DE",7.46,13.3,1.37,18.18,1.8
2011,,Naamans Creek in DE,10.2,"SHELLPOT CREEK AT WILMINGTON, DE",7.46,14.7,1.37,20.1,2
2012,,Naamans Creek in DE,10.2,"SHELLPOT CREEK AT WILMINGTON, DE",7.46,6.82,1.37,9.32,0.9
2013,,Naamans Creek in DE,10.2,"SHELLPOT CREEK AT WILMINGTON, DE",7.46,10.2,1.37,13.95,1.4
2014,,Naamans Creek in DE,10.2,"SHELLPOT CREEK AT WILMINGTON, DE",7.46,10.2,1.37,13.95,1.4
2015,,Naamans Creek in DE,10.2,"SHELLPOT CREEK AT WILMINGTON, DE",7.46,10.2,1.37,13.95,1.4
2016,,Naamans Creek in DE,10.2,"SHELLPOT CREEK AT WILMINGTON, DE",7.46,7.01,1.37,9.58,0.9
2017,,Naamans Creek in DE,10.2,"SHELLPOT CREEK AT WILMINGTON, DE",7.46,7.06,1.37,9.65,0.9
2018,,Naamans Creek in DE,10.2,"SHELLPOT CREEK AT WILMINGTON, DE",7.46,15.2,1.37,20.78,2
2019,,Naamans Creek in DE,10.2,"SHELLPOT CREEK AT WILMINGTON, DE",7.46,10.8,1.37,14.77,1.4
1990,,Shellpot Creek,14.37,"SHELLPOT CREEK AT WILMINGTON, DE",7.46,10.6,1.93,20.42,1.4
1991,,Shellpot Creek,14.37,"SHELLPOT CREEK AT WILMINGTON, DE",7.46,10.5,1.93,20.23,1.4
1992,,Shellpot Creek,14.37,"SHELLPOT CREEK AT WILMINGTON, DE",7.46,7.41,1.93,14.27,1
1993,,Shellpot Creek,14.37,"SHELLPOT CREEK AT WILMINGTON, DE",7.46,13.8,1.93,26.58,1.8
1994,,Shellpot Creek,14.37,"SHELLPOT CREEK AT WILMINGTON, DE",7.46,13.2,1.93,25.43,1.8
1995,,Shellpot Creek,14.37,"SHELLPOT CREEK AT WILMINGTON, DE",7.46,8.35,1.93,16.08,1.1
1996,,Shellpot Creek,14.37,"SHELLPOT CREEK AT WILMINGTON, DE",7.46,19.1,1.93,36.79,2.6
1997,,Shellpot Creek,14.37,"SHELLPOT CREEK AT WILMINGTON, DE",7.46,8,1.93,15.41,1.1
1998,,Shellpot Creek,14.37,"SHELLPOT CREEK AT WILMINGTON, DE",7.46,8.19,1.93,15.78,1.1
1999,,Shellpot Creek,14.37,"SHELLPOT CREEK AT WILMINGTON, DE",7.46,14,1.93,26.97,1.9
2000,,Shellpot Creek,14.37,"SHELLPOT CREEK AT WILMINGTON, DE",7.46,11.5,1.93,22.15,1.5
2001,,Shellpot Creek,14.37,"SHELLPOT CREEK AT WILMINGTON, DE",7.46,7.57,1.93,14.58,1
2002,,Shellpot Creek,14.37,"SHELLPOT CREEK AT WILMINGTON, DE",7.46,7.62,1.93,14.68,1
2003,,Shellpot Creek,14.37,"SHELLPOT CREEK AT WILMINGTON, DE",7.46,20.3,1.93,39.1,2.7
2004,,Shellpot Creek,14.37,"SHELLPOT CREEK AT WILMINGTON, DE",7.46,16.7,1.93,32.17,2.2
2005,,Shellpot Creek,14.37,"SHELLPOT CREEK AT WILMINGTON, DE",7.46,10.8,1.93,20.8,1.4
2006,,Shellpot Creek,14.37,"SHELLPOT CREEK AT WILMINGTON, DE",7.46,12.2,1.93,23.5,1.6
2007,,Shellpot Creek,14.37,"SHELLPOT CREEK AT WILMINGTON, DE",7.46,11.7,1.93,22.54,1.6
2008,,Shellpot Creek,14.37,"SHELLPOT CREEK AT WILMINGTON, DE",7.46,9.97,1.93,19.2,1.3
2009,,Shellpot Creek,14.37,"SHELLPOT CREEK AT WILMINGTON, DE",7.46,13.8,1.93,26.58,1.8
2010,,Shellpot Creek,14.37,"SHELLPOT CREEK AT WILMINGTON, DE",7.46,13.3,1.93,25.62,1.8
2011,,Shellpot Creek,14.37,"SHELLPOT CREEK AT WILMINGTON, DE",7.46,14.7,1.93,28.32,2
2012,,Shellpot Creek,14.37,"SHELLPOT CREEK AT WILMINGTON, DE",7.46,6.82,1.93,13.14,0.9
2013,,Shellpot Creek,14.37,"SHELLPOT CREEK AT WILMINGTON, DE",7.46,10.2,1.93,19.65,1.4
2014,,Shellpot Creek,14.37,"SHELLPOT CREEK AT WILMINGTON, DE",7.46,10.2,1.93,19.65,1.4
2015,,Shellpot Creek,14.37,"SHELLPOT CREEK AT WILMINGTON, DE",7.46,10.2,1.93,19.65,1.4
2016,,Shellpot Creek,14.37,"SHELLPOT CREEK AT WILMINGTON, DE",7.46,7.01,1.93,13.5,0.9
2017,,Shellpot Creek,14.37,"SHELLPOT CREEK AT WILMINGTON, DE",7.46,7.06,1.93,13.6,0.9
2018,,Shellpot Creek,14.37,"SHELLPOT CREEK AT WILMINGTON, DE",7.46,15.2,1.93,29.28,2
2019,,Shellpot Creek,14.37,"SHELLPOT CREEK AT WILMINGTON, DE",7.46,10.8,1.93,20.8,1.4
1990,,Buntings Branch,9.87,"STOCKLEY BRANCH AT STOCKLEY, DE",5.24,5.94,1.88,11.19,1.1
1991,,Buntings Branch,9.87,"STOCKLEY BRANCH AT STOCKLEY, DE",5.24,6.33,1.88,11.92,1.2
1992,,Buntings Branch,9.87,MILLSBORO POND OUTLET AT MILLSBORO,61.7,80.3,0.16,12.85,1.3
1993,,Buntings Branch,9.87,MILLSBORO POND OUTLET AT MILLSBORO,61.7,100.3,0.16,16.04,1.6
1994,,Buntings Branch,9.87,MILLSBORO POND OUTLET AT MILLSBORO,61.7,127.3,0.16,20.36,2.1
1995,,Buntings Branch,9.87,MILLSBORO POND OUTLET AT MILLSBORO,61.7,64.2,0.16,10.27,1
1996,,Buntings Branch,9.87,MILLSBORO POND OUTLET AT MILLSBORO,61.7,119.9,0.16,19.18,1.9
1997,,Buntings Branch,9.87,MILLSBORO POND OUTLET AT MILLSBORO,61.7,84.1,0.16,13.45,1.4
1998,,Buntings Branch,9.87,MILLSBORO POND OUTLET AT MILLSBORO,61.7,124.6,0.16,19.93,2
1999,,Buntings Branch,9.87,BEAVERDAM DITCH NEAR MILLVILLE,2.24,3.09,4.41,13.62,1.4
2000,,Buntings Branch,9.87,BEAVERDAM DITCH NEAR MILLVILLE,2.24,5.07,4.41,22.34,2.3
2001,,Buntings Branch,9.87,BEAVERDAM DITCH NEAR MILLVILLE,2.24,2.84,4.41,12.51,1.3
2002,,Buntings Branch,9.87,BEAVERDAM DITCH NEAR MILLVILLE,2.24,3.68,4.41,16.22,1.6
2003,,Buntings Branch,9.87,BEAVERDAM DITCH NEAR MILLVILLE,2.24,7.18,4.41,31.64,3.2
2004,,Buntings Branch,9.87,BEAVERDAM DITCH NEAR MILLVILLE,2.24,3.85,4.41,16.96,1.7
2005,,Buntings Branch,9.87,BEAVERDAM DITCH NEAR MILLVILLE,2.24,4.78,4.41,21.06,2.1
2006,,Buntings Branch,9.87,BEAVERDAM DITCH NEAR MILLVILLE,2.24,2.91,4.41,12.82,1.3
2007,,Buntings Branch,9.87,BEAVERDAM DITCH NEAR MILLVILLE,2.24,2.61,4.41,11.5,1.2
2008,,Buntings Branch,9.87,BEAVERDAM DITCH NEAR MILLVILLE,2.24,3.68,4.41,16.22,1.6
2009,,Buntings Branch,9.87,BEAVERDAM DITCH NEAR MILLVILLE,2.24,4.93,4.41,21.72,2.2
2010,,Buntings Branch,9.87,BEAVERDAM DITCH NEAR MILLVILLE,2.24,3.23,4.41,14.23,1.4
2011,,Buntings Branch,9.87,BEAVERDAM DITCH NEAR MILLVILLE,2.24,2.7,4.41,11.9,1.2
2012,,Buntings Branch,9.87,BEAVERDAM DITCH NEAR MILLVILLE,2.24,4.55,4.41,20.05,2
2013,,Buntings Branch,9.87,BEAVERDAM DITCH NEAR MILLVILLE,2.24,5.65,4.41,24.9,2.5
2014,,Buntings Branch,9.87,BEAVERDAM DITCH NEAR MILLVILLE,2.24,3.26,4.41,14.36,1.5
2015,,Buntings Branch,9.87,BEAVERDAM DITCH NEAR MILLVILLE,2.24,4.62,4.41,20.36,2.1
2016,,Buntings Branch,9.87,BEAVERDAM DITCH NEAR MILLVILLE,2.24,4.63,4.41,20.4,2.1
2017,,Buntings Branch,9.87,BEAVERDAM DITCH NEAR MILLVILLE,2.24,3.97,4.41,17.49,1.8
2018,,Buntings Branch,9.87,BEAVERDAM DITCH NEAR MILLVILLE,2.24,8.41,4.41,37.06,3.8
2019,,Buntings Branch,9.87,BEAVERDAM DITCH NEAR MILLVILLE,2.24,3.44,4.41,15.16,1.5
1990,,Little Assawoman Bay,31.89,"STOCKLEY BRANCH AT STOCKLEY, DE",5.24,5.94,6.09,36.15,1.1
1991,,Little Assawoman Bay,31.89,"STOCKLEY BRANCH AT STOCKLEY, DE",5.24,6.33,6.09,38.52,1.2
1992,,Little Assawoman Bay,31.89,MILLSBORO POND OUTLET AT MILLSBORO,61.7,80.3,0.52,41.5,1.3
1993,,Little Assawoman Bay,31.89,MILLSBORO POND OUTLET AT MILLSBORO,61.7,100.3,0.52,51.84,1.6
1994,,Little Assawoman Bay,31.89,MILLSBORO POND OUTLET AT MILLSBORO,61.7,127.3,0.52,65.8,2.1
1995,,Little Assawoman Bay,31.89,MILLSBORO POND OUTLET AT MILLSBORO,61.7,64.2,0.52,33.18,1
1996,,Little Assawoman Bay,31.89,MILLSBORO POND OUTLET AT MILLSBORO,61.7,119.9,0.52,61.97,1.9
1997,,Little Assawoman Bay,31.89,MILLSBORO POND OUTLET AT MILLSBORO,61.7,84.1,0.52,43.47,1.4
1998,,Little Assawoman Bay,31.89,MILLSBORO POND OUTLET AT MILLSBORO,61.7,124.6,0.52,64.4,2
1999,,Little Assawoman Bay,31.89,BEAVERDAM DITCH NEAR MILLVILLE,2.24,3.09,14.24,43.99,1.4
2000,,Little Assawoman Bay,31.89,BEAVERDAM DITCH NEAR MILLVILLE,2.24,5.07,14.24,72.18,2.3
2001,,Little Assawoman Bay,31.89,BEAVERDAM DITCH NEAR MILLVILLE,2.24,2.84,14.24,40.43,1.3
2002,,Little Assawoman Bay,31.89,BEAVERDAM DITCH NEAR MILLVILLE,2.24,3.68,14.24,52.39,1.6
2003,,Little Assawoman Bay,31.89,BEAVERDAM DITCH NEAR MILLVILLE,2.24,7.18,14.24,102.22,3.2
2004,,Little Assawoman Bay,31.89,BEAVERDAM DITCH NEAR MILLVILLE,2.24,3.85,14.24,54.81,1.7
2005,,Little Assawoman Bay,31.89,BEAVERDAM DITCH NEAR MILLVILLE,2.24,4.78,14.24,68.05,2.1
2006,,Little Assawoman Bay,31.89,BEAVERDAM DITCH NEAR MILLVILLE,2.24,2.91,14.24,41.43,1.3
2007,,Little Assawoman Bay,31.89,BEAVERDAM DITCH NEAR MILLVILLE,2.24,2.61,14.24,37.16,1.2
2008,,Little Assawoman Bay,31.89,BEAVERDAM DITCH NEAR MILLVILLE,2.24,3.68,14.24,52.39,1.6
2009,,Little Assawoman Bay,31.89,BEAVERDAM DITCH NEAR MILLVILLE,2.24,4.93,14.24,70.19,2.2
2010,,Little Assawoman Bay,31.89,BEAVERDAM DITCH NEAR MILLVILLE,2.24,3.23,14.24,45.98,1.4
2011,,Little Assawoman Bay,31.89,BEAVERDAM DITCH NEAR MILLVILLE,2.24,2.7,14.24,38.44,1.2
2012,,Little Assawoman Bay,31.89,BEAVERDAM DITCH NEAR MILLVILLE,2.24,4.55,14.24,64.78,2
2013,,Little Assawoman Bay,31.89,BEAVERDAM DITCH NEAR MILLVILLE,2.24,5.65,14.24,80.44,2.5
2014,,Little Assawoman Bay,31.89,BEAVERDAM DITCH NEAR MILLVILLE,2.24,3.26,14.24,46.41,1.5
2015,,Little Assawoman Bay,31.89,BEAVERDAM DITCH NEAR MILLVILLE,2.24,4.62,14.24,65.77,2.1
2016,,Little Assawoman Bay,31.89,BEAVERDAM DITCH NEAR MILLVILLE,2.24,4.63,14.24,65.92,2.1
2017,,Little Assawoman Bay,31.89,BEAVERDAM DITCH NEAR MILLVILLE,2.24,3.97,14.24,56.52,1.8
2018,,Little Assawoman Bay,31.89,BEAVERDAM DITCH NEAR MILLVILLE,2.24,8.41,14.24,119.73,3.8
2019,,Little Assawoman Bay,31.89,BEAVERDAM DITCH NEAR MILLVILLE,2.24,3.44,14.24,48.97,1.5
1990,,Indian Riv&Bay and Behoboth Bay,246.65,"STOCKLEY BRANCH AT STOCKLEY, DE",5.24,5.94,47.07,279.6,1.1
1991,,Indian Riv&Bay and Behoboth Bay,246.65,"STOCKLEY BRANCH AT STOCKLEY, DE",5.24,6.33,47.07,297.96,1.2
1992,,Indian Riv&Bay and Behoboth Bay,246.65,MILLSBORO POND OUTLET AT MILLSBORO,61.7,80.3,4,321,1.3
1993,,Indian Riv&Bay and Behoboth Bay,246.65,MILLSBORO POND OUTLET AT MILLSBORO,61.7,100.3,4,400.96,1.6
1994,,Indian Riv&Bay and Behoboth Bay,246.65,MILLSBORO POND OUTLET AT MILLSBORO,61.7,127.3,4,508.89,2.1
1995,,Indian Riv&Bay and Behoboth Bay,246.65,MILLSBORO POND OUTLET AT MILLSBORO,61.7,64.2,4,256.64,1
1996,,Indian Riv&Bay and Behoboth Bay,246.65,MILLSBORO POND OUTLET AT MILLSBORO,61.7,119.9,4,479.31,1.9
1997,,Indian Riv&Bay and Behoboth Bay,246.65,MILLSBORO POND OUTLET AT MILLSBORO,61.7,84.1,4,336.2,1.4
1998,,Indian Riv&Bay and Behoboth Bay,246.65,MILLSBORO POND OUTLET AT MILLSBORO,61.7,124.6,4,498.1,2
1999,,Indian Riv&Bay and Behoboth Bay,246.65,MILLSBORO POND OUTLET AT MILLSBORO,61.7,65.9,4,263.44,1.1
2000,,Indian Riv&Bay and Behoboth Bay,246.65,MILLSBORO POND OUTLET AT MILLSBORO,61.7,91.2,4,364.58,1.5
2001,,Indian Riv&Bay and Behoboth Bay,246.65,MILLSBORO POND OUTLET AT MILLSBORO,61.7,83.7,4,334.6,1.4
2002,,Indian Riv&Bay and Behoboth Bay,246.65,MILLSBORO POND OUTLET AT MILLSBORO,61.7,67.5,4,269.84,1.1
2003,,Indian Riv&Bay and Behoboth Bay,246.65,MILLSBORO POND OUTLET AT MILLSBORO,61.7,186.1,4,743.95,3
2004,,Indian Riv&Bay and Behoboth Bay,246.65,MILLSBORO POND OUTLET AT MILLSBORO,61.7,102.6,4,410.15,1.7
2005,,Indian Riv&Bay and Behoboth Bay,246.65,MILLSBORO POND OUTLET AT MILLSBORO,61.7,106.9,4,427.34,1.7
2006,,Indian Riv&Bay and Behoboth Bay,246.65,MILLSBORO POND OUTLET AT MILLSBORO,61.7,98.5,4,393.76,1.6
2007,,Indian Riv&Bay and Behoboth Bay,246.65,MILLSBORO POND OUTLET AT MILLSBORO,61.7,73.8,4,295.02,1.2
2008,,Indian Riv&Bay and Behoboth Bay,246.65,MILLSBORO POND OUTLET AT MILLSBORO,61.7,56.6,4,226.26,0.9
2009,,Indian Riv&Bay and Behoboth Bay,246.65,MILLSBORO POND OUTLET AT MILLSBORO,61.7,134.7,4,538.47,2.2
2010,,Indian Riv&Bay and Behoboth Bay,246.65,MILLSBORO POND OUTLET AT MILLSBORO,61.7,102.3,4,408.95,1.7
2011,,Indian Riv&Bay and Behoboth Bay,246.65,MILLSBORO POND OUTLET AT MILLSBORO,61.7,45.6,4,182.29,0.7
2012,,Indian Riv&Bay and Behoboth Bay,246.65,MILLSBORO POND OUTLET AT MILLSBORO,61.7,55.9,4,223.46,0.9
2013,,Indian Riv&Bay and Behoboth Bay,246.65,MILLSBORO POND OUTLET AT MILLSBORO,61.7,131.8,4,526.88,2.1
2014,,Indian Riv&Bay and Behoboth Bay,246.65,MILLSBORO POND OUTLET AT MILLSBORO,61.7,87,4,347.79,1.4
2015,,Indian Riv&Bay and Behoboth Bay,246.65,MILLSBORO POND OUTLET AT MILLSBORO,61.7,77.8,4,311.01,1.3
2016,,Indian Riv&Bay and Behoboth Bay,246.65,MILLSBORO POND OUTLET AT MILLSBORO,61.7,102.3,4,408.95,1.7
2017,,Indian Riv&Bay and Behoboth Bay,246.65,MILLSBORO POND OUTLET AT MILLSBORO,61.7,81.7,4,326.6,1.3
2018,,Indian Riv&Bay and Behoboth Bay,246.65,MILLSBORO POND OUTLET AT MILLSBORO,61.7,138.6,4,554.06,2.2
2019,,Indian Riv&Bay and Behoboth Bay,246.65,MILLSBORO POND OUTLET AT MILLSBORO,61.7,92.1,4,368.18,1.5
1990,,Appoquinimink River,46.37,"BLACKBIRD CREEK AT BLACKBIRD, DE",4.06,4.94,11.42,56.42,1.2
1991,,Appoquinimink River,46.37,"BLACKBIRD CREEK AT BLACKBIRD, DE",4.06,3.47,11.42,39.63,0.9
1992,,Appoquinimink River,46.37,"BLACKBIRD CREEK AT BLACKBIRD, DE",4.06,3.04,11.42,34.72,0.7
1993,,Appoquinimink River,46.37,"NOXONTOWN LAKE OUTLET NEAR MIDDLETOWN, DE",8.85,12.3,5.24,64.45,1.4
1994,,Appoquinimink River,46.37,"BLACKBIRD CREEK AT BLACKBIRD, DE",4.06,5.76,11.42,65.79,1.4
1995,,Appoquinimink River,46.37,"BLACKBIRD CREEK AT BLACKBIRD, DE",4.06,3.38,11.42,38.6,0.8
1996,,Appoquinimink River,46.37,"BLACKBIRD CREEK AT BLACKBIRD, DE",4.06,9.35,11.42,106.79,2.3
1997,,Appoquinimink River,46.37,"BLACKBIRD CREEK AT BLACKBIRD, DE",4.06,4.34,11.42,49.57,1.1
1998,,Appoquinimink River,46.37,"BLACKBIRD CREEK AT BLACKBIRD, DE",4.06,4.24,11.42,48.43,1
1999,,Appoquinimink River,46.37,"BLACKBIRD CREEK AT BLACKBIRD, DE",4.06,4.84,11.42,55.28,1.2
2000,,Appoquinimink River,46.37,"NOXONTOWN LAKE OUTLET NEAR MIDDLETOWN, DE",8.85,11.6,5.24,60.78,1.3
2001,,Appoquinimink River,46.37,"NOXONTOWN LAKE OUTLET NEAR MIDDLETOWN, DE",8.85,8.09,5.24,42.39,0.9
2002,,Appoquinimink River,46.37,SILVER LAKE TRIBUTARY AT MIDDLETOWN,1.73,1.22,26.8,32.7,0.7
2003,,Appoquinimink River,46.37,SILVER LAKE TRIBUTARY AT MIDDLETOWN,1.73,4,26.8,107.21,2.3
2004,,Appoquinimink River,46.37,SILVER LAKE TRIBUTARY AT MIDDLETOWN,1.73,3.59,26.8,96.22,2.1
2005,,Appoquinimink River,46.37,SILVER LAKE TRIBUTARY AT MIDDLETOWN,1.73,3.07,26.8,82.29,1.8
2006,,Appoquinimink River,46.37,SILVER LAKE TRIBUTARY AT MIDDLETOWN,1.73,3.45,26.8,92.47,2
2007,,Appoquinimink River,46.37,SILVER LAKE TRIBUTARY AT MIDDLETOWN,1.73,3.36,26.8,90.06,1.9
2008,,Appoquinimink River,46.37,SILVER LAKE TRIBUTARY AT MIDDLETOWN,1.73,1.91,26.8,51.19,1.1
2009,,Appoquinimink River,46.37,SILVER LAKE TRIBUTARY AT MIDDLETOWN,1.73,2.45,26.8,65.67,1.4
2010,,Appoquinimink River,46.37,SILVER LAKE TRIBUTARY AT MIDDLETOWN,1.73,3.46,26.8,92.74,2
2011,,Appoquinimink River,46.37,SILVER LAKE TRIBUTARY AT MIDDLETOWN,1.73,4.48,26.8,120.08,2.6
2012,,Appoquinimink River,46.37,SILVER LAKE TRIBUTARY AT MIDDLETOWN,1.73,2.54,26.8,68.08,1.5
2013,,Appoquinimink River,46.37,SILVER LAKE TRIBUTARY AT MIDDLETOWN,1.73,2.34,26.8,62.72,1.4
2014,,Appoquinimink River,46.37,SILVER LAKE TRIBUTARY AT MIDDLETOWN,1.73,2.85,26.8,76.39,1.6
2015,,Appoquinimink River,46.37,SILVER LAKE TRIBUTARY AT MIDDLETOWN,1.73,3.59,26.8,96.22,2.1
2016,,Appoquinimink River,46.37,SILVER LAKE TRIBUTARY AT MIDDLETOWN,1.73,3.26,26.8,87.38,1.9
2017,,Appoquinimink River,46.37,SILVER LAKE TRIBUTARY AT MIDDLETOWN,1.73,2.84,26.8,76.12,1.6
2018,,Appoquinimink River,46.37,SILVER LAKE TRIBUTARY AT MIDDLETOWN,1.73,5.57,26.8,149.3,3.2
2019,,Appoquinimink River,46.37,SILVER LAKE TRIBUTARY AT MIDDLETOWN,1.73,4.1,26.8,109.88,2.4
1990,,Army Creek,10.04,"CHRISTINA RIVER AT COOCHS BRIDGE, DE",20.5,34.2,0.49,16.75,1.7
1991,,Army Creek,10.04,"CHRISTINA RIVER AT COOCHS BRIDGE, DE",20.5,25.2,0.49,12.34,1.2
1992,,Army Creek,10.04,"CHRISTINA RIVER AT COOCHS BRIDGE, DE",20.5,25.9,0.49,12.68,1.3
1993,,Army Creek,10.04,"CHRISTINA RIVER AT COOCHS BRIDGE, DE",20.5,37.9,0.49,18.56,1.8
1994,,Army Creek,10.04,"CHRISTINA RIVER AT COOCHS BRIDGE, DE",20.5,33.5,0.49,16.41,1.6
1995,,Army Creek,10.04,"CHRISTINA RIVER AT COOCHS BRIDGE, DE",20.5,21.4,0.49,10.48,1
1996,,Army Creek,10.04,"CHRISTINA RIVER AT COOCHS BRIDGE, DE",20.5,50.9,0.49,24.93,2.5
1997,,Army Creek,10.04,"CHRISTINA RIVER AT COOCHS BRIDGE, DE",20.5,23.8,0.49,11.66,1.2
1998,,Army Creek,10.04,"CHRISTINA RIVER AT COOCHS BRIDGE, DE",20.5,22.8,0.49,11.17,1.1
1999,,Army Creek,10.04,"CHRISTINA RIVER AT COOCHS BRIDGE, DE",20.5,29.3,0.49,14.35,1.4
2000,,Army Creek,10.04,"CHRISTINA RIVER AT COOCHS BRIDGE, DE",20.5,26.1,0.49,12.78,1.3
2001,,Army Creek,10.04,"CHRISTINA RIVER AT COOCHS BRIDGE, DE",20.5,19.3,0.49,9.45,0.9
2002,,Army Creek,10.04,"CHRISTINA RIVER AT COOCHS BRIDGE, DE",20.5,20.1,0.49,9.84,1
2003,,Army Creek,10.04,"CHRISTINA RIVER AT COOCHS BRIDGE, DE",20.5,53.5,0.49,26.2,2.6
2004,,Army Creek,10.04,"CHRISTINA RIVER AT COOCHS BRIDGE, DE",20.5,53.2,0.49,26.06,2.6
2005,,Army Creek,10.04,"CHRISTINA RIVER AT COOCHS BRIDGE, DE",20.5,27.9,0.49,13.66,1.4
2006,,Army Creek,10.04,"CHRISTINA RIVER AT COOCHS BRIDGE, DE",20.5,27.6,0.49,13.52,1.3
2007,,Army Creek,10.04,"CHRISTINA RIVER AT COOCHS BRIDGE, DE",20.5,22.2,0.49,10.87,1.1
2008,,Army Creek,10.04,"CHRISTINA RIVER AT COOCHS BRIDGE, DE",20.5,18.8,0.49,9.21,0.9
2009,,Army Creek,10.04,"CHRISTINA RIVER AT COOCHS BRIDGE, DE",20.5,24.2,0.49,11.85,1.2
2010,,Army Creek,10.04,"CHRISTINA RIVER AT COOCHS BRIDGE, DE",20.5,29.5,0.49,14.45,1.4
2011,,Army Creek,10.04,"CHRISTINA RIVER AT COOCHS BRIDGE, DE",20.5,44.9,0.49,21.99,2.2
2012,,Army Creek,10.04,"CHRISTINA RIVER AT COOCHS BRIDGE, DE",20.5,23.1,0.49,11.31,1.1
2013,,Army Creek,10.04,"CHRISTINA RIVER AT COOCHS BRIDGE, DE",20.5,33.7,0.49,16.5,1.6
2014,,Army Creek,10.04,"CHRISTINA RIVER AT COOCHS BRIDGE, DE",20.5,32.8,0.49,16.06,1.6
2015,,Army Creek,10.04,"CHRISTINA RIVER AT COOCHS BRIDGE, DE",20.5,31,0.49,15.18,1.5
2016,,Army Creek,10.04,"CHRISTINA RIVER AT COOCHS BRIDGE, DE",20.5,24.3,0.49,11.9,1.2
2017,,Army Creek,10.04,"CHRISTINA RIVER AT COOCHS BRIDGE, DE",20.5,20.2,0.49,9.89,1
2018,,Army Creek,10.04,"CHRISTINA RIVER AT COOCHS BRIDGE, DE",20.5,43.5,0.49,21.3,2.1
2019,,Army Creek,10.04,"CHRISTINA RIVER AT COOCHS BRIDGE, DE",20.5,33.9,0.49,16.6,1.7
1990,,Dragon Run Creek,10.38,"CHRISTINA RIVER AT COOCHS BRIDGE, DE",20.5,34.2,0.51,17.32,1.7
1991,,Dragon Run Creek,10.38,"CHRISTINA RIVER AT COOCHS BRIDGE, DE",20.5,25.2,0.51,12.76,1.2
1992,,Dragon Run Creek,10.38,"CHRISTINA RIVER AT COOCHS BRIDGE, DE",20.5,25.9,0.51,13.11,1.3
1993,,Dragon Run Creek,10.38,"CHRISTINA RIVER AT COOCHS BRIDGE, DE",20.5,37.9,0.51,19.19,1.8
1994,,Dragon Run Creek,10.38,"CHRISTINA RIVER AT COOCHS BRIDGE, DE",20.5,33.5,0.51,16.96,1.6
1995,,Dragon Run Creek,10.38,"CHRISTINA RIVER AT COOCHS BRIDGE, DE",20.5,21.4,0.51,10.84,1
1996,,Dragon Run Creek,10.38,"CHRISTINA RIVER AT COOCHS BRIDGE, DE",20.5,50.9,0.51,25.77,2.5
1997,,Dragon Run Creek,10.38,"CHRISTINA RIVER AT COOCHS BRIDGE, DE",20.5,23.8,0.51,12.05,1.2
1998,,Dragon Run Creek,10.38,"CHRISTINA RIVER AT COOCHS BRIDGE, DE",20.5,22.8,0.51,11.54,1.1
1999,,Dragon Run Creek,10.38,"CHRISTINA RIVER AT COOCHS BRIDGE, DE",20.5,29.3,0.51,14.84,1.4
2000,,Dragon Run Creek,10.38,"CHRISTINA RIVER AT COOCHS BRIDGE, DE",20.5,26.1,0.51,13.22,1.3
2001,,Dragon Run Creek,10.38,"CHRISTINA RIVER AT COOCHS BRIDGE, DE",20.5,19.3,0.51,9.77,0.9
2002,,Dragon Run Creek,10.38,"CHRISTINA RIVER AT COOCHS BRIDGE, DE",20.5,20.1,0.51,10.18,1
2003,,Dragon Run Creek,10.38,"CHRISTINA RIVER AT COOCHS BRIDGE, DE",20.5,53.5,0.51,27.09,2.6
2004,,Dragon Run Creek,10.38,"CHRISTINA RIVER AT COOCHS BRIDGE, DE",20.5,53.2,0.51,26.94,2.6
2005,,Dragon Run Creek,10.38,"CHRISTINA RIVER AT COOCHS BRIDGE, DE",20.5,27.9,0.51,14.13,1.4
2006,,Dragon Run Creek,10.38,"CHRISTINA RIVER AT COOCHS BRIDGE, DE",20.5,27.6,0.51,13.98,1.3
2007,,Dragon Run Creek,10.38,"CHRISTINA RIVER AT COOCHS BRIDGE, DE",20.5,22.2,0.51,11.24,1.1
2008,,Dragon Run Creek,10.38,"CHRISTINA RIVER AT COOCHS BRIDGE, DE",20.5,18.8,0.51,9.52,0.9
2009,,Dragon Run Creek,10.38,"CHRISTINA RIVER AT COOCHS BRIDGE, DE",20.5,24.2,0.51,12.25,1.2
2010,,Dragon Run Creek,10.38,"CHRISTINA RIVER AT COOCHS BRIDGE, DE",20.5,29.5,0.51,14.94,1.4
2011,,Dragon Run Creek,10.38,"CHRISTINA RIVER AT COOCHS BRIDGE, DE",20.5,44.9,0.51,22.73,2.2
2012,,Dragon Run Creek,10.38,"CHRISTINA RIVER AT COOCHS BRIDGE, DE",20.5,23.1,0.51,11.7,1.1
2013,,Dragon Run Creek,10.38,"CHRISTINA RIVER AT COOCHS BRIDGE, DE",20.5,33.7,0.51,17.06,1.6
2014,,Dragon Run Creek,10.38,"CHRISTINA RIVER AT COOCHS BRIDGE, DE",20.5,32.8,0.51,16.61,1.6
2015,,Dragon Run Creek,10.38,"CHRISTINA RIVER AT COOCHS BRIDGE, DE",20.5,31,0.51,15.7,1.5
2016,,Dragon Run Creek,10.38,"CHRISTINA RIVER AT COOCHS BRIDGE, DE",20.5,24.3,0.51,12.3,1.2
2017,,Dragon Run Creek,10.38,"CHRISTINA RIVER AT COOCHS BRIDGE, DE",20.5,20.2,0.51,10.23,1
2018,,Dragon Run Creek,10.38,"CHRISTINA RIVER AT COOCHS BRIDGE, DE",20.5,43.5,0.51,22.03,2.1
2019,,Dragon Run Creek,10.38,"CHRISTINA RIVER AT COOCHS BRIDGE, DE",20.5,33.9,0.51,17.16,1.7
1990,,Blackbird Creek,30.98,"BLACKBIRD CREEK AT BLACKBIRD, DE",4.06,4.94,7.63,37.69,1.2
1991,,Blackbird Creek,30.98,"BLACKBIRD CREEK AT BLACKBIRD, DE",4.06,3.47,7.63,26.48,0.9
1992,,Blackbird Creek,30.98,"BLACKBIRD CREEK AT BLACKBIRD, DE",4.06,3.04,7.63,23.2,0.7
1993,,Blackbird Creek,30.98,"BLACKBIRD CREEK AT BLACKBIRD, DE",4.06,4.74,7.63,36.17,1.2
1994,,Blackbird Creek,30.98,"BLACKBIRD CREEK AT BLACKBIRD, DE",4.06,5.76,7.63,43.95,1.4
1995,,Blackbird Creek,30.98,"BLACKBIRD CREEK AT BLACKBIRD, DE",4.06,3.38,7.63,25.79,0.8
1996,,Blackbird Creek,30.98,"BLACKBIRD CREEK AT BLACKBIRD, DE",4.06,9.35,7.63,71.35,2.3
1997,,Blackbird Creek,30.98,"BLACKBIRD CREEK AT BLACKBIRD, DE",4.06,4.34,7.63,33.12,1.1
1998,,Blackbird Creek,30.98,"BLACKBIRD CREEK AT BLACKBIRD, DE",4.06,4.24,7.63,32.35,1
1999,,Blackbird Creek,30.98,"BLACKBIRD CREEK AT BLACKBIRD, DE",4.06,4.84,7.63,36.93,1.2
2000,,Blackbird Creek,30.98,"BLACKBIRD CREEK AT BLACKBIRD, DE",4.06,6.48,7.63,49.45,1.6
2001,,Blackbird Creek,30.98,"BLACKBIRD CREEK AT BLACKBIRD, DE",4.06,4.56,7.63,34.8,1.1
2002,,Blackbird Creek,30.98,"BLACKBIRD CREEK AT BLACKBIRD, DE",4.06,2.76,7.63,21.06,0.7
2003,,Blackbird Creek,30.98,"BLACKBIRD CREEK AT BLACKBIRD, DE",4.06,10.2,7.63,77.83,2.5
2004,,Blackbird Creek,30.98,"BLACKBIRD CREEK AT BLACKBIRD, DE",4.06,7.06,7.63,53.87,1.7
2005,,Blackbird Creek,30.98,"BLACKBIRD CREEK AT BLACKBIRD, DE",4.06,5.7,7.63,43.49,1.4
2006,,Blackbird Creek,30.98,"BLACKBIRD CREEK AT BLACKBIRD, DE",4.06,5.86,7.63,44.71,1.4
2007,,Blackbird Creek,30.98,"BLACKBIRD CREEK AT BLACKBIRD, DE",4.06,5.02,7.63,38.31,1.2
2008,,Blackbird Creek,30.98,"BLACKBIRD CREEK AT BLACKBIRD, DE",4.06,2.82,7.63,21.52,0.7
2009,,Blackbird Creek,30.98,"BLACKBIRD CREEK AT BLACKBIRD, DE",4.06,4.83,7.63,36.86,1.2
2010,,Blackbird Creek,30.98,"BLACKBIRD CREEK AT BLACKBIRD, DE",4.06,6,7.63,45.78,1.5
2011,,Blackbird Creek,30.98,"BLACKBIRD CREEK AT BLACKBIRD, DE",4.06,8.3,7.63,63.33,2
2012,,Blackbird Creek,30.98,"BLACKBIRD CREEK AT BLACKBIRD, DE",4.06,3.55,7.63,27.09,0.9
2013,,Blackbird Creek,30.98,"BLACKBIRD CREEK AT BLACKBIRD, DE",4.06,5.59,7.63,42.65,1.4
2014,,Blackbird Creek,30.98,"BLACKBIRD CREEK AT BLACKBIRD, DE",4.06,5.35,7.63,40.82,1.3
2015,,Blackbird Creek,30.98,"BLACKBIRD CREEK AT BLACKBIRD, DE",4.06,5.25,7.63,40.06,1.3
2016,,Blackbird Creek,30.98,"BLACKBIRD CREEK AT BLACKBIRD, DE",4.06,4.41,7.63,33.65,1.1
2017,,Blackbird Creek,30.98,"BLACKBIRD CREEK AT BLACKBIRD, DE",4.06,4.01,7.63,30.6,1
2018,,Blackbird Creek,30.98,"BLACKBIRD CREEK AT BLACKBIRD, DE",4.06,10.2,7.63,77.83,2.5
2019,,Blackbird Creek,30.98,"BLACKBIRD CREEK AT BLACKBIRD, DE",4.06,5.58,7.63,42.58,1.4
1990,,C & D Canal East,40.22,"CHRISTINA RIVER AT COOCHS BRIDGE, DE",20.5,34.2,1.96,67.1,1.7
1991,,C & D Canal East,40.22,"CHRISTINA RIVER AT COOCHS BRIDGE, DE",20.5,25.2,1.96,49.44,1.2
1992,,C & D Canal East,40.22,"CHRISTINA RIVER AT COOCHS BRIDGE, DE",20.5,25.9,1.96,50.81,1.3
1993,,C & D Canal East,40.22,"CHRISTINA RIVER AT COOCHS BRIDGE, DE",20.5,37.9,1.96,74.36,1.8
1994,,C & D Canal East,40.22,"CHRISTINA RIVER AT COOCHS BRIDGE, DE",20.5,33.5,1.96,65.73,1.6
1995,,C & D Canal East,40.22,"CHRISTINA RIVER AT COOCHS BRIDGE, DE",20.5,21.4,1.96,41.99,1
1996,,C & D Canal East,40.22,"CHRISTINA RIVER AT COOCHS BRIDGE, DE",20.5,50.9,1.96,99.86,2.5
1997,,C & D Canal East,40.22,"CHRISTINA RIVER AT COOCHS BRIDGE, DE",20.5,23.8,1.96,46.69,1.2
1998,,C & D Canal East,40.22,"CHRISTINA RIVER AT COOCHS BRIDGE, DE",20.5,22.8,1.96,44.73,1.1
1999,,C & D Canal East,40.22,"CHRISTINA RIVER AT COOCHS BRIDGE, DE",20.5,29.3,1.96,57.49,1.4
2000,,C & D Canal East,40.22,"CHRISTINA RIVER AT COOCHS BRIDGE, DE",20.5,26.1,1.96,51.21,1.3
2001,,C & D Canal East,40.22,"CHRISTINA RIVER AT COOCHS BRIDGE, DE",20.5,19.3,1.96,37.87,0.9
2002,,C & D Canal East,40.22,"CHRISTINA RIVER AT COOCHS BRIDGE, DE",20.5,20.1,1.96,39.44,1
2003,,C & D Canal East,40.22,"CHRISTINA RIVER AT COOCHS BRIDGE, DE",20.5,53.5,1.96,104.96,2.6
2004,,C & D Canal East,40.22,"CHRISTINA RIVER AT COOCHS BRIDGE, DE",20.5,53.2,1.96,104.38,2.6
2005,,C & D Canal East,40.22,"CHRISTINA RIVER AT COOCHS BRIDGE, DE",20.5,27.9,1.96,54.74,1.4
2006,,C & D Canal East,40.22,"CHRISTINA RIVER AT COOCHS BRIDGE, DE",20.5,27.6,1.96,54.15,1.3
2007,,C & D Canal East,40.22,"CHRISTINA RIVER AT COOCHS BRIDGE, DE",20.5,22.2,1.96,43.56,1.1
2008,,C & D Canal East,40.22,"CHRISTINA RIVER AT COOCHS BRIDGE, DE",20.5,18.8,1.96,36.88,0.9
2009,,C & D Canal East,40.22,"CHRISTINA RIVER AT COOCHS BRIDGE, DE",20.5,24.2,1.96,47.48,1.2
2010,,C & D Canal East,40.22,"CHRISTINA RIVER AT COOCHS BRIDGE, DE",20.5,29.5,1.96,57.88,1.4
2011,,C & D Canal East,40.22,"CHRISTINA RIVER AT COOCHS BRIDGE, DE",20.5,44.9,1.96,88.09,2.2
2012,,C & D Canal East,40.22,"CHRISTINA RIVER AT COOCHS BRIDGE, DE",20.5,23.1,1.96,45.32,1.1
2013,,C & D Canal East,40.22,"CHRISTINA RIVER AT COOCHS BRIDGE, DE",20.5,33.7,1.96,66.12,1.6
2014,,C & D Canal East,40.22,"CHRISTINA RIVER AT COOCHS BRIDGE, DE",20.5,32.8,1.96,64.35,1.6
2015,,C & D Canal East,40.22,"CHRISTINA RIVER AT COOCHS BRIDGE, DE",20.5,31,1.96,60.82,1.5
2016,,C & D Canal East,40.22,"CHRISTINA RIVER AT COOCHS BRIDGE, DE",20.5,24.3,1.96,47.68,1.2
2017,,C & D Canal East,40.22,"CHRISTINA RIVER AT COOCHS BRIDGE, DE",20.5,20.2,1.96,39.63,1
2018,,C & D Canal East,40.22,"CHRISTINA RIVER AT COOCHS BRIDGE, DE",20.5,43.5,1.96,85.34,2.1
2019,,C & D Canal East,40.22,"CHRISTINA RIVER AT COOCHS BRIDGE, DE",20.5,33.9,1.96,66.51,1.7
1990,,Leipsic River,97.04,ST. JONES RIVER AT DOVER,31.9,33.3,3.04,101.3,1
1991,,Leipsic River,97.04,ST. JONES RIVER AT DOVER,31.9,22.6,3.04,68.75,0.7
1992,,Leipsic River,97.04,ST. JONES RIVER AT DOVER,31.9,23,3.04,69.97,0.7
1993,,Leipsic River,97.04,ST. JONES RIVER AT DOVER,31.9,35.9,3.04,109.21,1.1
1994,,Leipsic River,97.04,ST. JONES RIVER AT DOVER,31.9,49.9,3.04,151.8,1.6
1995,,Leipsic River,97.04,ST. JONES RIVER AT DOVER,31.9,23.9,3.04,72.7,0.7
1996,,Leipsic River,97.04,ST. JONES RIVER AT DOVER,31.9,72.1,3.04,219.33,2.3
1997,,Leipsic River,97.04,ST. JONES RIVER AT DOVER,31.9,38.6,3.04,117.42,1.2
1998,,Leipsic River,97.04,ST. JONES RIVER AT DOVER,31.9,44,3.04,133.85,1.4
1999,,Leipsic River,97.04,ST. JONES RIVER AT DOVER,31.9,25.1,3.04,76.35,0.8
2000,,Leipsic River,97.04,ST. JONES RIVER AT DOVER,31.9,41.3,3.04,125.63,1.3
2001,,Leipsic River,97.04,ST. JONES RIVER AT DOVER,31.9,33.5,3.04,101.91,1.1
2002,,Leipsic River,97.04,ST. JONES RIVER AT DOVER,31.9,27.1,3.04,82.44,0.8
2003,,Leipsic River,97.04,ST. JONES RIVER AT DOVER,31.9,82.3,3.04,250.36,2.6
2004,,Leipsic River,97.04,ST. JONES RIVER AT DOVER,31.9,40.7,3.04,123.81,1.3
2005,,Leipsic River,97.04,ST. JONES RIVER AT DOVER,31.9,41.8,3.04,127.16,1.3
2006,,Leipsic River,97.04,ST. JONES RIVER AT DOVER,31.9,37,3.04,112.55,1.2
2007,,Leipsic River,97.04,ST. JONES RIVER AT DOVER,31.9,31.8,3.04,96.74,1
2008,,Leipsic River,97.04,ST. JONES RIVER AT DOVER,31.9,26.2,3.04,79.7,0.8
2009,,Leipsic River,97.04,ST. JONES RIVER AT DOVER,31.9,56.9,3.04,173.09,1.8
2010,,Leipsic River,97.04,ST. JONES RIVER AT DOVER,31.9,47.2,3.04,143.58,1.5
2011,,Leipsic River,97.04,ST. JONES RIVER AT DOVER,31.9,49.3,3.04,149.97,1.5
2012,,Leipsic River,97.04,ST. JONES RIVER AT DOVER,31.9,30.4,3.04,92.48,1
2013,,Leipsic River,97.04,ST. JONES RIVER AT DOVER,31.9,55.4,3.04,168.53,1.7
2014,,Leipsic River,97.04,ST. JONES RIVER AT DOVER,31.9,47.8,3.04,145.41,1.5
2015,,Leipsic River,97.04,ST. JONES RIVER AT DOVER,31.9,42.8,3.04,130.2,1.3
2016,,Leipsic River,97.04,ST. JONES RIVER AT DOVER,31.9,37.6,3.04,114.38,1.2
2017,,Leipsic River,97.04,ST. JONES RIVER AT DOVER,31.9,38.5,3.04,117.12,1.2
2018,,Leipsic River,97.04,ST. JONES RIVER AT DOVER,31.9,91,3.04,276.82,2.9
2019,,Leipsic River,97.04,ST. JONES RIVER AT DOVER,31.9,45.02,3.04,136.96,1.4
1990,,Little Creek,21.84,ST. JONES RIVER AT DOVER,31.9,33.3,0.68,22.8,1
1991,,Little Creek,21.84,ST. JONES RIVER AT DOVER,31.9,22.6,0.68,15.47,0.7
1992,,Little Creek,21.84,ST. JONES RIVER AT DOVER,31.9,23,0.68,15.75,0.7
1993,,Little Creek,21.84,ST. JONES RIVER AT DOVER,31.9,35.9,0.68,24.58,1.1
1994,,Little Creek,21.84,ST. JONES RIVER AT DOVER,31.9,49.9,0.68,34.16,1.6
1995,,Little Creek,21.84,ST. JONES RIVER AT DOVER,31.9,23.9,0.68,16.36,0.7
1996,,Little Creek,21.84,ST. JONES RIVER AT DOVER,31.9,72.1,0.68,49.36,2.3
1997,,Little Creek,21.84,ST. JONES RIVER AT DOVER,31.9,38.6,0.68,26.43,1.2
1998,,Little Creek,21.84,ST. JONES RIVER AT DOVER,31.9,44,0.68,30.12,1.4
1999,,Little Creek,21.84,ST. JONES RIVER AT DOVER,31.9,25.1,0.68,17.18,0.8
2000,,Little Creek,21.84,ST. JONES RIVER AT DOVER,31.9,41.3,0.68,28.28,1.3
2001,,Little Creek,21.84,ST. JONES RIVER AT DOVER,31.9,33.5,0.68,22.94,1.1
2002,,Little Creek,21.84,ST. JONES RIVER AT DOVER,31.9,27.1,0.68,18.55,0.8
2003,,Little Creek,21.84,ST. JONES RIVER AT DOVER,31.9,82.3,0.68,56.35,2.6
2004,,Little Creek,21.84,ST. JONES RIVER AT DOVER,31.9,40.7,0.68,27.86,1.3
2005,,Little Creek,21.84,ST. JONES RIVER AT DOVER,31.9,41.8,0.68,28.62,1.3
2006,,Little Creek,21.84,ST. JONES RIVER AT DOVER,31.9,37,0.68,25.33,1.2
2007,,Little Creek,21.84,ST. JONES RIVER AT DOVER,31.9,31.8,0.68,21.77,1
2008,,Little Creek,21.84,ST. JONES RIVER AT DOVER,31.9,26.2,0.68,17.94,0.8
2009,,Little Creek,21.84,ST. JONES RIVER AT DOVER,31.9,56.9,0.68,38.96,1.8
2010,,Little Creek,21.84,ST. JONES RIVER AT DOVER,31.9,47.2,0.68,32.31,1.5
2011,,Little Creek,21.84,ST. JONES RIVER AT DOVER,31.9,49.3,0.68,33.75,1.5
2012,,Little Creek,21.84,ST. JONES RIVER AT DOVER,31.9,30.4,0.68,20.81,1
2013,,Little Creek,21.84,ST. JONES RIVER AT DOVER,31.9,55.4,0.68,37.93,1.7
2014,,Little Creek,21.84,ST. JONES RIVER AT DOVER,31.9,47.8,0.68,32.73,1.5
2015,,Little Creek,21.84,ST. JONES RIVER AT DOVER,31.9,42.8,0.68,29.3,1.3
2016,,Little Creek,21.84,ST. JONES RIVER AT DOVER,31.9,37.6,0.68,25.74,1.2
2017,,Little Creek,21.84,ST. JONES RIVER AT DOVER,31.9,38.5,0.68,26.36,1.2
2018,,Little Creek,21.84,ST. JONES RIVER AT DOVER,31.9,91,0.68,62.3,2.9
2019,,Little Creek,21.84,ST. JONES RIVER AT DOVER,31.9,45.02,0.68,30.82,1.4
1990,,Smyrna River,63.97,"BLACKBIRD CREEK AT BLACKBIRD, DE",4.06,4.94,15.76,77.84,1.2
1991,,Smyrna River,63.97,"BLACKBIRD CREEK AT BLACKBIRD, DE",4.06,3.47,15.76,54.67,0.9
1992,,Smyrna River,63.97,"BLACKBIRD CREEK AT BLACKBIRD, DE",4.06,3.04,15.76,47.9,0.7
1993,,Smyrna River,63.97,"BLACKBIRD CREEK AT BLACKBIRD, DE",4.06,4.74,15.76,74.68,1.2
1994,,Smyrna River,63.97,"BLACKBIRD CREEK AT BLACKBIRD, DE",4.06,5.76,15.76,90.76,1.4
1995,,Smyrna River,63.97,"BLACKBIRD CREEK AT BLACKBIRD, DE",4.06,3.38,15.76,53.26,0.8
1996,,Smyrna River,63.97,"BLACKBIRD CREEK AT BLACKBIRD, DE",4.06,9.35,15.76,147.32,2.3
1997,,Smyrna River,63.97,"BLACKBIRD CREEK AT BLACKBIRD, DE",4.06,4.34,15.76,68.38,1.1
1998,,Smyrna River,63.97,"BLACKBIRD CREEK AT BLACKBIRD, DE",4.06,4.24,15.76,66.81,1
1999,,Smyrna River,63.97,"BLACKBIRD CREEK AT BLACKBIRD, DE",4.06,4.84,15.76,76.26,1.2
2000,,Smyrna River,63.97,"BLACKBIRD CREEK AT BLACKBIRD, DE",4.06,6.48,15.76,102.1,1.6
2001,,Smyrna River,63.97,"BLACKBIRD CREEK AT BLACKBIRD, DE",4.06,4.56,15.76,71.85,1.1
2002,,Smyrna River,63.97,"BLACKBIRD CREEK AT BLACKBIRD, DE",4.06,2.76,15.76,43.49,0.7
2003,,Smyrna River,63.97,"BLACKBIRD CREEK AT BLACKBIRD, DE",4.06,10.2,15.76,160.71,2.5
2004,,Smyrna River,63.97,"BLACKBIRD CREEK AT BLACKBIRD, DE",4.06,7.06,15.76,111.24,1.7
2005,,Smyrna River,63.97,"BLACKBIRD CREEK AT BLACKBIRD, DE",4.06,5.7,15.76,89.81,1.4
2006,,Smyrna River,63.97,"BLACKBIRD CREEK AT BLACKBIRD, DE",4.06,5.86,15.76,92.33,1.4
2007,,Smyrna River,63.97,"BLACKBIRD CREEK AT BLACKBIRD, DE",4.06,5.02,15.76,79.1,1.2
2008,,Smyrna River,63.97,"BLACKBIRD CREEK AT BLACKBIRD, DE",4.06,2.82,15.76,44.43,0.7
2009,,Smyrna River,63.97,"BLACKBIRD CREEK AT BLACKBIRD, DE",4.06,4.83,15.76,76.1,1.2
2010,,Smyrna River,63.97,"BLACKBIRD CREEK AT BLACKBIRD, DE",4.06,6,15.76,94.54,1.5
2011,,Smyrna River,63.97,"BLACKBIRD CREEK AT BLACKBIRD, DE",4.06,8.3,15.76,130.78,2
2012,,Smyrna River,63.97,"BLACKBIRD CREEK AT BLACKBIRD, DE",4.06,3.55,15.76,55.93,0.9
2013,,Smyrna River,63.97,"BLACKBIRD CREEK AT BLACKBIRD, DE",4.06,5.59,15.76,88.08,1.4
2014,,Smyrna River,63.97,"BLACKBIRD CREEK AT BLACKBIRD, DE",4.06,5.35,15.76,84.3,1.3
2015,,Smyrna River,63.97,"BLACKBIRD CREEK AT BLACKBIRD, DE",4.06,5.25,15.76,82.72,1.3
2016,,Smyrna River,63.97,"BLACKBIRD CREEK AT BLACKBIRD, DE",4.06,4.41,15.76,69.48,1.1
2017,,Smyrna River,63.97,"BLACKBIRD CREEK AT BLACKBIRD, DE",4.06,4.01,15.76,63.18,1
2018,,Smyrna River,63.97,"BLACKBIRD CREEK AT BLACKBIRD, DE",4.06,10.2,15.76,160.71,2.5
2019,,Smyrna River,63.97,"BLACKBIRD CREEK AT BLACKBIRD, DE",4.06,5.58,15.76,87.92,1.4
1990,,St. Jones River,90.07,ST. JONES RIVER AT DOVER,31.9,33.3,2.82,94.02,1
1991,,St. Jones River,90.07,ST. JONES RIVER AT DOVER,31.9,22.6,2.82,63.81,0.7
1992,,St. Jones River,90.07,ST. JONES RIVER AT DOVER,31.9,23,2.82,64.94,0.7
1993,,St. Jones River,90.07,ST. JONES RIVER AT DOVER,31.9,35.9,2.82,101.36,1.1
1994,,St. Jones River,90.07,ST. JONES RIVER AT DOVER,31.9,49.9,2.82,140.89,1.6
1995,,St. Jones River,90.07,ST. JONES RIVER AT DOVER,31.9,23.9,2.82,67.48,0.7
1996,,St. Jones River,90.07,ST. JONES RIVER AT DOVER,31.9,72.1,2.82,203.58,2.3
1997,,St. Jones River,90.07,ST. JONES RIVER AT DOVER,31.9,38.6,2.82,108.99,1.2
1998,,St. Jones River,90.07,ST. JONES RIVER AT DOVER,31.9,44,2.82,124.23,1.4
1999,,St. Jones River,90.07,ST. JONES RIVER AT DOVER,31.9,25.1,2.82,70.87,0.8
2000,,St. Jones River,90.07,ST. JONES RIVER AT DOVER,31.9,41.3,2.82,116.61,1.3
2001,,St. Jones River,90.07,ST. JONES RIVER AT DOVER,31.9,33.5,2.82,94.59,1.1
2002,,St. Jones River,90.07,ST. JONES RIVER AT DOVER,31.9,27.1,2.82,76.52,0.8
2003,,St. Jones River,90.07,ST. JONES RIVER AT DOVER,31.9,82.3,2.82,232.37,2.6
2004,,St. Jones River,90.07,ST. JONES RIVER AT DOVER,31.9,40.7,2.82,114.92,1.3
2005,,St. Jones River,90.07,ST. JONES RIVER AT DOVER,31.9,41.8,2.82,118.02,1.3
2006,,St. Jones River,90.07,ST. JONES RIVER AT DOVER,31.9,37,2.82,104.47,1.2
2007,,St. Jones River,90.07,ST. JONES RIVER AT DOVER,31.9,31.8,2.82,89.79,1
2008,,St. Jones River,90.07,ST. JONES RIVER AT DOVER,31.9,26.2,2.82,73.98,0.8
2009,,St. Jones River,90.07,ST. JONES RIVER AT DOVER,31.9,56.9,2.82,160.66,1.8
2010,,St. Jones River,90.07,ST. JONES RIVER AT DOVER,31.9,47.2,2.82,133.27,1.5
2011,,St. Jones River,90.07,ST. JONES RIVER AT DOVER,31.9,49.3,2.82,139.2,1.5
2012,,St. Jones River,90.07,ST. JONES RIVER AT DOVER,31.9,30.4,2.82,85.83,1
2013,,St. Jones River,90.07,ST. JONES RIVER AT DOVER,31.9,55.4,2.82,156.42,1.7
2014,,St. Jones River,90.07,ST. JONES RIVER AT DOVER,31.9,47.8,2.82,134.96,1.5
2015,,St. Jones River,90.07,ST. JONES RIVER AT DOVER,31.9,42.8,2.82,120.85,1.3
2016,,St. Jones River,90.07,ST. JONES RIVER AT DOVER,31.9,37.6,2.82,106.16,1.2
2017,,St. Jones River,90.07,ST. JONES RIVER AT DOVER,31.9,38.5,2.82,108.71,1.2
2018,,St. Jones River,90.07,ST. JONES RIVER AT DOVER,31.9,91,2.82,256.94,2.9
2019,,St. Jones River,90.07,ST. JONES RIVER AT DOVER,31.9,45.02,2.82,127.12,1.4
1990,,Broadkill River,107.23,"STOCKLEY BRANCH AT STOCKLEY, DE",5.24,5.94,20.46,121.55,1.1
1991,,Broadkill River,107.23,"STOCKLEY BRANCH AT STOCKLEY, DE",5.24,6.33,20.46,129.54,1.2
1992,,Broadkill River,107.23,MILLSBORO POND OUTLET AT MILLSBORO,61.7,80.3,1.74,139.56,1.3
1993,,Broadkill River,107.23,MILLSBORO POND OUTLET AT MILLSBORO,61.7,100.3,1.74,174.31,1.6
1994,,Broadkill River,107.23,MILLSBORO POND OUTLET AT MILLSBORO,61.7,127.3,1.74,221.24,2.1
1995,,Broadkill River,107.23,MILLSBORO POND OUTLET AT MILLSBORO,61.7,64.2,1.74,111.57,1
1996,,Broadkill River,107.23,MILLSBORO POND OUTLET AT MILLSBORO,61.7,119.9,1.74,208.38,1.9
1997,,Broadkill River,107.23,MILLSBORO POND OUTLET AT MILLSBORO,61.7,84.1,1.74,146.16,1.4
1998,,Broadkill River,107.23,MILLSBORO POND OUTLET AT MILLSBORO,61.7,124.6,1.74,216.55,2
1999,,Broadkill River,107.23,MILLSBORO POND OUTLET AT MILLSBORO,61.7,65.9,1.74,114.53,1.1
2000,,Broadkill River,107.23,MILLSBORO POND OUTLET AT MILLSBORO,61.7,91.2,1.74,158.5,1.5
2001,,Broadkill River,107.23,MILLSBORO POND OUTLET AT MILLSBORO,61.7,83.7,1.74,145.46,1.4
2002,,Broadkill River,107.23,MILLSBORO POND OUTLET AT MILLSBORO,61.7,67.5,1.74,117.31,1.1
2003,,Broadkill River,107.23,MILLSBORO POND OUTLET AT MILLSBORO,61.7,186.1,1.74,323.43,3
2004,,Broadkill River,107.23,MILLSBORO POND OUTLET AT MILLSBORO,61.7,102.6,1.74,178.31,1.7
2005,,Broadkill River,107.23,MILLSBORO POND OUTLET AT MILLSBORO,61.7,106.9,1.74,185.78,1.7
2006,,Broadkill River,107.23,MILLSBORO POND OUTLET AT MILLSBORO,61.7,98.5,1.74,171.19,1.6
2007,,Broadkill River,107.23,MILLSBORO POND OUTLET AT MILLSBORO,61.7,73.8,1.74,128.26,1.2
2008,,Broadkill River,107.23,MILLSBORO POND OUTLET AT MILLSBORO,61.7,56.6,1.74,98.37,0.9
2009,,Broadkill River,107.23,MILLSBORO POND OUTLET AT MILLSBORO,61.7,134.7,1.74,234.1,2.2
2010,,Broadkill River,107.23,MILLSBORO POND OUTLET AT MILLSBORO,61.7,102.3,1.74,177.79,1.7
2011,,Broadkill River,107.23,MILLSBORO POND OUTLET AT MILLSBORO,61.7,45.6,1.74,79.25,0.7
2012,,Broadkill River,107.23,MILLSBORO POND OUTLET AT MILLSBORO,61.7,55.9,1.74,97.15,0.9
2013,,Broadkill River,107.23,MILLSBORO POND OUTLET AT MILLSBORO,61.7,131.8,1.74,229.06,2.1
2014,,Broadkill River,107.23,MILLSBORO POND OUTLET AT MILLSBORO,61.7,87,1.74,151.2,1.4
2015,,Broadkill River,107.23,MILLSBORO POND OUTLET AT MILLSBORO,61.7,77.8,1.74,135.21,1.3
2016,,Broadkill River,107.23,MILLSBORO POND OUTLET AT MILLSBORO,61.7,102.3,1.74,177.79,1.7
2017,,Broadkill River,107.23,MILLSBORO POND OUTLET AT MILLSBORO,61.7,81.7,1.74,141.99,1.3
2018,,Broadkill River,107.23,MILLSBORO POND OUTLET AT MILLSBORO,61.7,138.6,1.74,240.88,2.2
2019,,Broadkill River,107.23,MILLSBORO POND OUTLET AT MILLSBORO,61.7,92.1,1.74,160.06,1.5
1990,,Cedar Creek,52.25,"BEAVERDAM BRANCH AT HOUSTON, DE (in Mispillion watershed)",3.02,3.32,17.3,57.44,1.1
1991,,Cedar Creek,52.25,"BEAVERDAM BRANCH AT HOUSTON, DE (in Mispillion watershed)",3.02,2.34,17.3,40.49,0.8
1992,,Cedar Creek,52.25,"BEAVERDAM BRANCH AT HOUSTON, DE (in Mispillion watershed)",3.02,2.5,17.3,43.25,0.8
1993,,Cedar Creek,52.25,"BEAVERDAM BRANCH AT HOUSTON, DE (in Mispillion watershed)",3.02,3.01,17.3,52.08,1
1994,,Cedar Creek,52.25,"BEAVERDAM BRANCH AT HOUSTON, DE (in Mispillion watershed)",3.02,5.37,17.3,92.91,1.8
1995,,Cedar Creek,52.25,"BEAVERDAM BRANCH AT HOUSTON, DE (in Mispillion watershed)",3.02,2.7,17.3,46.71,0.9
1996,,Cedar Creek,52.25,"BEAVERDAM BRANCH AT HOUSTON, DE (in Mispillion watershed)",3.02,5.25,17.3,90.83,1.7
1997,,Cedar Creek,52.25,"BEAVERDAM BRANCH AT HOUSTON, DE (in Mispillion watershed)",3.02,4.73,17.3,81.84,1.6
1998,,Cedar Creek,52.25,"BEAVERDAM BRANCH AT HOUSTON, DE (in Mispillion watershed)",3.02,4.92,17.3,85.12,1.6
1999,,Cedar Creek,52.25,"BEAVERDAM BRANCH AT HOUSTON, DE (in Mispillion watershed)",3.02,2.84,17.3,49.14,0.9
2000,,Cedar Creek,52.25,"BEAVERDAM BRANCH AT HOUSTON, DE (in Mispillion watershed)",3.02,3.47,17.3,60.04,1.1
2001,,Cedar Creek,52.25,"BEAVERDAM BRANCH AT HOUSTON, DE (in Mispillion watershed)",3.02,3.86,17.3,66.78,1.3
2002,,Cedar Creek,52.25,"BEAVERDAM BRANCH AT HOUSTON, DE (in Mispillion watershed)",3.02,2.94,17.3,50.87,1
2003,,Cedar Creek,52.25,"BEAVERDAM BRANCH AT HOUSTON, DE (in Mispillion watershed)",3.02,6.79,17.3,117.48,2.2
2004,,Cedar Creek,52.25,"BEAVERDAM BRANCH AT HOUSTON, DE (in Mispillion watershed)",3.02,3.12,17.3,53.98,1
2005,,Cedar Creek,52.25,"BEAVERDAM BRANCH AT HOUSTON, DE (in Mispillion watershed)",3.02,3.96,17.3,68.51,1.3
2006,,Cedar Creek,52.25,"BEAVERDAM BRANCH AT HOUSTON, DE (in Mispillion watershed)",3.02,3.41,17.3,59,1.1
2007,,Cedar Creek,52.25,"BEAVERDAM BRANCH AT HOUSTON, DE (in Mispillion watershed)",3.02,2.59,17.3,44.81,0.9
2008,,Cedar Creek,52.25,"BEAVERDAM BRANCH AT HOUSTON, DE (in Mispillion watershed)",3.02,2.08,17.3,35.99,0.7
2009,,Cedar Creek,52.25,"BEAVERDAM BRANCH AT HOUSTON, DE (in Mispillion watershed)",3.02,6.37,17.3,110.21,2.1
2010,,Cedar Creek,52.25,"BEAVERDAM BRANCH AT HOUSTON, DE (in Mispillion watershed)",3.02,4.97,17.3,85.99,1.6
2011,,Cedar Creek,52.25,"BEAVERDAM BRANCH AT HOUSTON, DE (in Mispillion watershed)",3.02,4.21,17.3,72.84,1.4
2012,,Cedar Creek,52.25,"BEAVERDAM BRANCH AT HOUSTON, DE (in Mispillion watershed)",3.02,2.17,17.3,37.54,0.7
2013,,Cedar Creek,52.25,"BEAVERDAM BRANCH AT HOUSTON, DE (in Mispillion watershed)",3.02,3.63,17.3,62.8,1.2
2014,,Cedar Creek,52.25,"BEAVERDAM BRANCH AT HOUSTON, DE (in Mispillion watershed)",3.02,3.78,17.3,65.4,1.3
2015,,Cedar Creek,52.25,"BEAVERDAM BRANCH AT HOUSTON, DE (in Mispillion watershed)",3.02,3.12,17.3,53.98,1
2016,,Cedar Creek,52.25,"BEAVERDAM BRANCH AT HOUSTON, DE (in Mispillion watershed)",3.02,3.6,17.3,62.28,1.2
2017,,Cedar Creek,52.25,"BEAVERDAM BRANCH AT HOUSTON, DE (in Mispillion watershed)",3.02,3.48,17.3,60.21,1.2
2018,,Cedar Creek,52.25,"BEAVERDAM BRANCH AT HOUSTON, DE (in Mispillion watershed)",3.02,5.84,17.3,101.04,1.9
2019,,Cedar Creek,52.25,"BEAVERDAM BRANCH AT HOUSTON, DE (in Mispillion watershed)",3.02,3.82,17.3,66.09,1.3
1990,,Mispillion River,76.43,"BEAVERDAM BRANCH AT HOUSTON, DE (in Mispillion watershed)",3.02,3.32,25.31,84.02,1.1
1991,,Mispillion River,76.43,"BEAVERDAM BRANCH AT HOUSTON, DE (in Mispillion watershed)",3.02,2.34,25.31,59.22,0.8
1992,,Mispillion River,76.43,"BEAVERDAM BRANCH AT HOUSTON, DE (in Mispillion watershed)",3.02,2.5,25.31,63.27,0.8
1993,,Mispillion River,76.43,"BEAVERDAM BRANCH AT HOUSTON, DE (in Mispillion watershed)",3.02,3.01,25.31,76.18,1
1994,,Mispillion River,76.43,"BEAVERDAM BRANCH AT HOUSTON, DE (in Mispillion watershed)",3.02,5.37,25.31,135.9,1.8
1995,,Mispillion River,76.43,"BEAVERDAM BRANCH AT HOUSTON, DE (in Mispillion watershed)",3.02,2.7,25.31,68.33,0.9
1996,,Mispillion River,76.43,"BEAVERDAM BRANCH AT HOUSTON, DE (in Mispillion watershed)",3.02,5.25,25.31,132.87,1.7
1997,,Mispillion River,76.43,"BEAVERDAM BRANCH AT HOUSTON, DE (in Mispillion watershed)",3.02,4.73,25.31,119.71,1.6
1998,,Mispillion River,76.43,"BEAVERDAM BRANCH AT HOUSTON, DE (in Mispillion watershed)",3.02,4.92,25.31,124.52,1.6
1999,,Mispillion River,76.43,"BEAVERDAM BRANCH AT HOUSTON, DE (in Mispillion watershed)",3.02,2.84,25.31,71.87,0.9
2000,,Mispillion River,76.43,"BEAVERDAM BRANCH AT HOUSTON, DE (in Mispillion watershed)",3.02,3.47,25.31,87.82,1.1
2001,,Mispillion River,76.43,"BEAVERDAM BRANCH AT HOUSTON, DE (in Mispillion watershed)",3.02,3.86,25.31,97.69,1.3
2002,,Mispillion River,76.43,"BEAVERDAM BRANCH AT HOUSTON, DE (in Mispillion watershed)",3.02,2.94,25.31,74.41,1
2003,,Mispillion River,76.43,"BEAVERDAM BRANCH AT HOUSTON, DE (in Mispillion watershed)",3.02,6.79,25.31,171.84,2.2
2004,,Mispillion River,76.43,"BEAVERDAM BRANCH AT HOUSTON, DE (in Mispillion watershed)",3.02,3.12,25.31,78.96,1
2005,,Mispillion River,76.43,"BEAVERDAM BRANCH AT HOUSTON, DE (in Mispillion watershed)",3.02,3.96,25.31,100.22,1.3
2006,,Mispillion River,76.43,"BEAVERDAM BRANCH AT HOUSTON, DE (in Mispillion watershed)",3.02,3.41,25.31,86.3,1.1
2007,,Mispillion River,76.43,"BEAVERDAM BRANCH AT HOUSTON, DE (in Mispillion watershed)",3.02,2.59,25.31,65.55,0.9
2008,,Mispillion River,76.43,"BEAVERDAM BRANCH AT HOUSTON, DE (in Mispillion watershed)",3.02,2.08,25.31,52.64,0.7
2009,,Mispillion River,76.43,"BEAVERDAM BRANCH AT HOUSTON, DE (in Mispillion watershed)",3.02,6.37,25.31,161.21,2.1
2010,,Mispillion River,76.43,"BEAVERDAM BRANCH AT HOUSTON, DE (in Mispillion watershed)",3.02,4.97,25.31,125.78,1.6
2011,,Mispillion River,76.43,"BEAVERDAM BRANCH AT HOUSTON, DE (in Mispillion watershed)",3.02,4.21,25.31,106.55,1.4
2012,,Mispillion River,76.43,"BEAVERDAM BRANCH AT HOUSTON, DE (in Mispillion watershed)",3.02,2.17,25.31,54.92,0.7
2013,,Mispillion River,76.43,"BEAVERDAM BRANCH AT HOUSTON, DE (in Mispillion watershed)",3.02,3.63,25.31,91.87,1.2
2014,,Mispillion River,76.43,"BEAVERDAM BRANCH AT HOUSTON, DE (in Mispillion watershed)",3.02,3.78,25.31,95.66,1.3
2015,,Mispillion River,76.43,"BEAVERDAM BRANCH AT HOUSTON, DE (in Mispillion watershed)",3.02,3.12,25.31,78.96,1
2016,,Mispillion River,76.43,"BEAVERDAM BRANCH AT HOUSTON, DE (in Mispillion watershed)",3.02,3.6,25.31,91.11,1.2
2017,,Mispillion River,76.43,"BEAVERDAM BRANCH AT HOUSTON, DE (in Mispillion watershed)",3.02,3.48,25.31,88.07,1.2
2018,,Mispillion River,76.43,"BEAVERDAM BRANCH AT HOUSTON, DE (in Mispillion watershed)",3.02,5.84,25.31,147.8,1.9
2019,,Mispillion River,76.43,"BEAVERDAM BRANCH AT HOUSTON, DE (in Mispillion watershed)",3.02,3.82,25.31,96.68,1.3
1990,,Murderkill River,106.81,"BEAVERDAM BRANCH AT HOUSTON, DE (in Mispillion watershed)",3.02,3.32,35.37,117.42,1.1
1991,,Murderkill River,106.81,"BEAVERDAM BRANCH AT HOUSTON, DE (in Mispillion watershed)",3.02,2.34,35.37,82.76,0.8
1992,,Murderkill River,106.81,"BEAVERDAM BRANCH AT HOUSTON, DE (in Mispillion watershed)",3.02,2.5,35.37,88.42,0.8
1993,,Murderkill River,106.81,"BEAVERDAM BRANCH AT HOUSTON, DE (in Mispillion watershed)",3.02,3.01,35.37,106.46,1
1994,,Murderkill River,106.81,"BEAVERDAM BRANCH AT HOUSTON, DE (in Mispillion watershed)",3.02,5.37,35.37,189.92,1.8
1995,,Murderkill River,106.81,"BEAVERDAM BRANCH AT HOUSTON, DE (in Mispillion watershed)",3.02,2.7,35.37,95.49,0.9
1996,,Murderkill River,106.81,"BEAVERDAM BRANCH AT HOUSTON, DE (in Mispillion watershed)",3.02,5.25,35.37,185.68,1.7
1997,,Murderkill River,106.81,"BEAVERDAM BRANCH AT HOUSTON, DE (in Mispillion watershed)",3.02,4.73,35.37,167.29,1.6
1998,,Murderkill River,106.81,"BEAVERDAM BRANCH AT HOUSTON, DE (in Mispillion watershed)",3.02,4.92,35.37,174.01,1.6
1999,,Murderkill River,106.81,"BEAVERDAM BRANCH AT HOUSTON, DE (in Mispillion watershed)",3.02,2.84,35.37,100.44,0.9
2000,,Murderkill River,106.81,"BEAVERDAM BRANCH AT HOUSTON, DE (in Mispillion watershed)",3.02,3.47,35.37,122.73,1.1
2001,,Murderkill River,106.81,"BEAVERDAM BRANCH AT HOUSTON, DE (in Mispillion watershed)",3.02,3.86,35.37,136.52,1.3
2002,,Murderkill River,106.81,"BEAVERDAM BRANCH AT HOUSTON, DE (in Mispillion watershed)",3.02,2.94,35.37,103.98,1
2003,,Murderkill River,106.81,"BEAVERDAM BRANCH AT HOUSTON, DE (in Mispillion watershed)",3.02,6.79,35.37,240.15,2.2
2004,,Murderkill River,106.81,"BEAVERDAM BRANCH AT HOUSTON, DE (in Mispillion watershed)",3.02,3.12,35.37,110.35,1
2005,,Murderkill River,106.81,"BEAVERDAM BRANCH AT HOUSTON, DE (in Mispillion watershed)",3.02,3.96,35.37,140.06,1.3
2006,,Murderkill River,106.81,"BEAVERDAM BRANCH AT HOUSTON, DE (in Mispillion watershed)",3.02,3.41,35.37,120.6,1.1
2007,,Murderkill River,106.81,"BEAVERDAM BRANCH AT HOUSTON, DE (in Mispillion watershed)",3.02,2.59,35.37,91.6,0.9
2008,,Murderkill River,106.81,"MURDERKILL RIVER NEAR FELTON, DE",12.9,10.9,8.28,90.25,0.8
2009,,Murderkill River,106.81,"BEAVERDAM BRANCH AT HOUSTON, DE (in Mispillion watershed)",3.02,6.37,35.37,225.29,2.1
2010,,Murderkill River,106.81,"BEAVERDAM BRANCH AT HOUSTON, DE (in Mispillion watershed)",3.02,4.97,35.37,175.78,1.6
2011,,Murderkill River,106.81,"BEAVERDAM BRANCH AT HOUSTON, DE (in Mispillion watershed)",3.02,4.21,35.37,148.9,1.4
2012,,Murderkill River,106.81,"BEAVERDAM BRANCH AT HOUSTON, DE (in Mispillion watershed)",3.02,2.17,35.37,76.75,0.7
2013,,Murderkill River,106.81,"BEAVERDAM BRANCH AT HOUSTON, DE (in Mispillion watershed)",3.02,3.63,35.37,128.38,1.2
2014,,Murderkill River,106.81,"BEAVERDAM BRANCH AT HOUSTON, DE (in Mispillion watershed)",3.02,3.78,35.37,133.69,1.3
2015,,Murderkill River,106.81,"BEAVERDAM BRANCH AT HOUSTON, DE (in Mispillion watershed)",3.02,3.12,35.37,110.35,1
2016,,Murderkill River,106.81,"BEAVERDAM BRANCH AT HOUSTON, DE (in Mispillion watershed)",3.02,3.6,35.37,127.32,1.2
2017,,Murderkill River,106.81,"MURDERKILL RIVER NEAR FELTON, DE",12.9,13.3,8.28,110.12,1
2018,,Murderkill River,106.81,"MURDERKILL RIVER NEAR FELTON, DE",12.9,29.4,8.28,243.43,2.3
2019,,Murderkill River,106.81,"MURDERKILL RIVER NEAR FELTON, DE",12.9,18.68,8.28,154.64,1.4
1990,,Red Lion Creek,10.96,"CHRISTINA RIVER AT COOCHS BRIDGE, DE",20.5,34.2,0.53,18.28,1.7
1991,,Red Lion Creek,10.96,"CHRISTINA RIVER AT COOCHS BRIDGE, DE",20.5,25.2,0.53,13.47,1.2
1992,,Red Lion Creek,10.96,"CHRISTINA RIVER AT COOCHS BRIDGE, DE",20.5,25.9,0.53,13.85,1.3
1993,,Red Lion Creek,10.96,"CHRISTINA RIVER AT COOCHS BRIDGE, DE",20.5,37.9,0.53,20.26,1.8
1994,,Red Lion Creek,10.96,"CHRISTINA RIVER AT COOCHS BRIDGE, DE",20.5,33.5,0.53,17.91,1.6
1995,,Red Lion Creek,10.96,"CHRISTINA RIVER AT COOCHS BRIDGE, DE",20.5,21.4,0.53,11.44,1
1996,,Red Lion Creek,10.96,"CHRISTINA RIVER AT COOCHS BRIDGE, DE",20.5,50.9,0.53,27.21,2.5
1997,,Red Lion Creek,10.96,"CHRISTINA RIVER AT COOCHS BRIDGE, DE",20.5,23.8,0.53,12.72,1.2
1998,,Red Lion Creek,10.96,"CHRISTINA RIVER AT COOCHS BRIDGE, DE",20.5,22.8,0.53,12.19,1.1
1999,,Red Lion Creek,10.96,"CHRISTINA RIVER AT COOCHS BRIDGE, DE",20.5,29.3,0.53,15.66,1.4
2000,,Red Lion Creek,10.96,"CHRISTINA RIVER AT COOCHS BRIDGE, DE",20.5,26.1,0.53,13.95,1.3
2001,,Red Lion Creek,10.96,"CHRISTINA RIVER AT COOCHS BRIDGE, DE",20.5,19.3,0.53,10.32,0.9
2002,,Red Lion Creek,10.96,"CHRISTINA RIVER AT COOCHS BRIDGE, DE",20.5,20.1,0.53,10.75,1
2003,,Red Lion Creek,10.96,"CHRISTINA RIVER AT COOCHS BRIDGE, DE",20.5,53.5,0.53,28.6,2.6
2004,,Red Lion Creek,10.96,"CHRISTINA RIVER AT COOCHS BRIDGE, DE",20.5,53.2,0.53,28.44,2.6
2005,,Red Lion Creek,10.96,"CHRISTINA RIVER AT COOCHS BRIDGE, DE",20.5,27.9,0.53,14.92,1.4
2006,,Red Lion Creek,10.96,"CHRISTINA RIVER AT COOCHS BRIDGE, DE",20.5,27.6,0.53,14.76,1.3
2007,,Red Lion Creek,10.96,"CHRISTINA RIVER AT COOCHS BRIDGE, DE",20.5,22.2,0.53,11.87,1.1
2008,,Red Lion Creek,10.96,"CHRISTINA RIVER AT COOCHS BRIDGE, DE",20.5,18.8,0.53,10.05,0.9
2009,,Red Lion Creek,10.96,"CHRISTINA RIVER AT COOCHS BRIDGE, DE",20.5,24.2,0.53,12.94,1.2
2010,,Red Lion Creek,10.96,"CHRISTINA RIVER AT COOCHS BRIDGE, DE",20.5,29.5,0.53,15.77,1.4
2011,,Red Lion Creek,10.96,"CHRISTINA RIVER AT COOCHS BRIDGE, DE",20.5,44.9,0.53,24.01,2.2
2012,,Red Lion Creek,10.96,"CHRISTINA RIVER AT COOCHS BRIDGE, DE",20.5,23.1,0.53,12.35,1.1
2013,,Red Lion Creek,10.96,"CHRISTINA RIVER AT COOCHS BRIDGE, DE",20.5,33.7,0.53,18.02,1.6
2014,,Red Lion Creek,10.96,"CHRISTINA RIVER AT COOCHS BRIDGE, DE",20.5,32.8,0.53,17.54,1.6
2015,,Red Lion Creek,10.96,"CHRISTINA RIVER AT COOCHS BRIDGE, DE",20.5,31,0.53,16.57,1.5
2016,,Red Lion Creek,10.96,"CHRISTINA RIVER AT COOCHS BRIDGE, DE",20.5,24.3,0.53,12.99,1.2
2017,,Red Lion Creek,10.96,"CHRISTINA RIVER AT COOCHS BRIDGE, DE",20.5,20.2,0.53,10.8,1
2018,,Red Lion Creek,10.96,"CHRISTINA RIVER AT COOCHS BRIDGE, DE",20.5,43.5,0.53,23.26,2.1
2019,,Red Lion Creek,10.96,"CHRISTINA RIVER AT COOCHS BRIDGE, DE",20.5,33.9,0.53,18.12,1.7
1990,,Delaware Bay,9.18,"BLACKBIRD CREEK AT BLACKBIRD, DE",4.06,4.94,2.26,11.17,1.2
1991,,Delaware Bay,9.18,"BLACKBIRD CREEK AT BLACKBIRD, DE",4.06,3.47,2.26,7.85,0.9
1992,,Delaware Bay,9.18,"BLACKBIRD CREEK AT BLACKBIRD, DE",4.06,3.04,2.26,6.87,0.7
1993,,Delaware Bay,9.18,"BLACKBIRD CREEK AT BLACKBIRD, DE",4.06,4.74,2.26,10.72,1.2
1994,,Delaware Bay,9.18,"BLACKBIRD CREEK AT BLACKBIRD, DE",4.06,5.76,2.26,13.02,1.4
1995,,Delaware Bay,9.18,"BLACKBIRD CREEK AT BLACKBIRD, DE",4.06,3.38,2.26,7.64,0.8
1996,,Delaware Bay,9.18,"BLACKBIRD CREEK AT BLACKBIRD, DE",4.06,9.35,2.26,21.14,2.3
1997,,Delaware Bay,9.18,"BLACKBIRD CREEK AT BLACKBIRD, DE",4.06,4.34,2.26,9.81,1.1
1998,,Delaware Bay,9.18,"BLACKBIRD CREEK AT BLACKBIRD, DE",4.06,4.24,2.26,9.59,1
1999,,Delaware Bay,9.18,"BLACKBIRD CREEK AT BLACKBIRD, DE",4.06,4.84,2.26,10.94,1.2
2000,,Delaware Bay,9.18,"BLACKBIRD CREEK AT BLACKBIRD, DE",4.06,6.48,2.26,14.65,1.6
2001,,Delaware Bay,9.18,"BLACKBIRD CREEK AT BLACKBIRD, DE",4.06,4.56,2.26,10.31,1.1
2002,,Delaware Bay,9.18,"BLACKBIRD CREEK AT BLACKBIRD, DE",4.06,2.76,2.26,6.24,0.7
2003,,Delaware Bay,9.18,"BLACKBIRD CREEK AT BLACKBIRD, DE",4.06,10.2,2.26,23.06,2.5
2004,,Delaware Bay,9.18,"BLACKBIRD CREEK AT BLACKBIRD, DE",4.06,7.06,2.26,15.96,1.7
2005,,Delaware Bay,9.18,"BLACKBIRD CREEK AT BLACKBIRD, DE",4.06,5.7,2.26,12.89,1.4
2006,,Delaware Bay,9.18,"BLACKBIRD CREEK AT BLACKBIRD, DE",4.06,5.86,2.26,13.25,1.4
2007,,Delaware Bay,9.18,"BLACKBIRD CREEK AT BLACKBIRD, DE",4.06,5.02,2.26,11.35,1.2
2008,,Delaware Bay,9.18,"BLACKBIRD CREEK AT BLACKBIRD, DE",4.06,2.82,2.26,6.38,0.7
2009,,Delaware Bay,9.18,"BLACKBIRD CREEK AT BLACKBIRD, DE",4.06,4.83,2.26,10.92,1.2
2010,,Delaware Bay,9.18,"BLACKBIRD CREEK AT BLACKBIRD, DE",4.06,6,2.26,13.57,1.5
2011,,Delaware Bay,9.18,"BLACKBIRD CREEK AT BLACKBIRD, DE",4.06,8.3,2.26,18.77,2
2012,,Delaware Bay,9.18,"BLACKBIRD CREEK AT BLACKBIRD, DE",4.06,3.55,2.26,8.03,0.9
2013,,Delaware Bay,9.18,"BLACKBIRD CREEK AT BLACKBIRD, DE",4.06,5.59,2.26,12.64,1.4
2014,,Delaware Bay,9.18,"BLACKBIRD CREEK AT BLACKBIRD, DE",4.06,5.35,2.26,12.1,1.3
2015,,Delaware Bay,9.18,"BLACKBIRD CREEK AT BLACKBIRD, DE",4.06,5.25,2.26,11.87,1.3
2016,,Delaware Bay,9.18,"BLACKBIRD CREEK AT BLACKBIRD, DE",4.06,4.41,2.26,9.97,1.1
2017,,Delaware Bay,9.18,"BLACKBIRD CREEK AT BLACKBIRD, DE",4.06,4.01,2.26,9.07,1
2018,,Delaware Bay,9.18,"BLACKBIRD CREEK AT BLACKBIRD, DE",4.06,10.2,2.26,23.06,2.5
2019,,Delaware Bay,9.18,"BLACKBIRD CREEK AT BLACKBIRD, DE",4.06,5.58,2.26,12.62,1.4
1990,,Delaware River,6.51,"CHRISTINA RIVER AT COOCHS BRIDGE, DE",20.5,34.2,0.32,10.86,1.7
1991,,Delaware River,6.51,"CHRISTINA RIVER AT COOCHS BRIDGE, DE",20.5,25.2,0.32,8,1.2
1992,,Delaware River,6.51,"CHRISTINA RIVER AT COOCHS BRIDGE, DE",20.5,25.9,0.32,8.22,1.3
1993,,Delaware River,6.51,"CHRISTINA RIVER AT COOCHS BRIDGE, DE",20.5,37.9,0.32,12.04,1.8
1994,,Delaware River,6.51,"CHRISTINA RIVER AT COOCHS BRIDGE, DE",20.5,33.5,0.32,10.64,1.6
1995,,Delaware River,6.51,"CHRISTINA RIVER AT COOCHS BRIDGE, DE",20.5,21.4,0.32,6.8,1
1996,,Delaware River,6.51,"CHRISTINA RIVER AT COOCHS BRIDGE, DE",20.5,50.9,0.32,16.16,2.5
1997,,Delaware River,6.51,"CHRISTINA RIVER AT COOCHS BRIDGE, DE",20.5,23.8,0.32,7.56,1.2
1998,,Delaware River,6.51,"CHRISTINA RIVER AT COOCHS BRIDGE, DE",20.5,22.8,0.32,7.24,1.1
1999,,Delaware River,6.51,"CHRISTINA RIVER AT COOCHS BRIDGE, DE",20.5,29.3,0.32,9.3,1.4
2000,,Delaware River,6.51,"CHRISTINA RIVER AT COOCHS BRIDGE, DE",20.5,26.1,0.32,8.29,1.3
2001,,Delaware River,6.51,"CHRISTINA RIVER AT COOCHS BRIDGE, DE",20.5,19.3,0.32,6.13,0.9
2002,,Delaware River,6.51,"CHRISTINA RIVER AT COOCHS BRIDGE, DE",20.5,20.1,0.32,6.38,1
2003,,Delaware River,6.51,"CHRISTINA RIVER AT COOCHS BRIDGE, DE",20.5,53.5,0.32,16.99,2.6
2004,,Delaware River,6.51,"CHRISTINA RIVER AT COOCHS BRIDGE, DE",20.5,53.2,0.32,16.89,2.6
2005,,Delaware River,6.51,"CHRISTINA RIVER AT COOCHS BRIDGE, DE",20.5,27.9,0.32,8.86,1.4
2006,,Delaware River,6.51,"CHRISTINA RIVER AT COOCHS BRIDGE, DE",20.5,27.6,0.32,8.76,1.3
2007,,Delaware River,6.51,"CHRISTINA RIVER AT COOCHS BRIDGE, DE",20.5,22.2,0.32,7.05,1.1
2008,,Delaware River,6.51,"CHRISTINA RIVER AT COOCHS BRIDGE, DE",20.5,18.8,0.32,5.97,0.9
2009,,Delaware River,6.51,"CHRISTINA RIVER AT COOCHS BRIDGE, DE",20.5,24.2,0.32,7.68,1.2
2010,,Delaware River,6.51,"CHRISTINA RIVER AT COOCHS BRIDGE, DE",20.5,29.5,0.32,9.37,1.4
2011,,Delaware River,6.51,"CHRISTINA RIVER AT COOCHS BRIDGE, DE",20.5,44.9,0.32,14.26,2.2
2012,,Delaware River,6.51,"CHRISTINA RIVER AT COOCHS BRIDGE, DE",20.5,23.1,0.32,7.34,1.1
2013,,Delaware River,6.51,"CHRISTINA RIVER AT COOCHS BRIDGE, DE",20.5,33.7,0.32,10.7,1.6
2014,,Delaware River,6.51,"CHRISTINA RIVER AT COOCHS BRIDGE, DE",20.5,32.8,0.32,10.42,1.6
2015,,Delaware River,6.51,"CHRISTINA RIVER AT COOCHS BRIDGE, DE",20.5,31,0.32,9.84,1.5
2016,,Delaware River,6.51,"CHRISTINA RIVER AT COOCHS BRIDGE, DE",20.5,24.3,0.32,7.72,1.2
2017,,Delaware River,6.51,"CHRISTINA RIVER AT COOCHS BRIDGE, DE",20.5,20.2,0.32,6.41,1
2018,,Delaware River,6.51,"CHRISTINA RIVER AT COOCHS BRIDGE, DE",20.5,43.5,0.32,13.81,2.1
2019,,Delaware River,6.51,"CHRISTINA RIVER AT COOCHS BRIDGE, DE",20.5,33.9,0.32,10.77,1.7
1990,,Assawoman Bay (in DE),3.35,"STOCKLEY BRANCH AT STOCKLEY, DE",5.24,5.94,0.64,3.8,1.1
1991,,Assawoman Bay (in DE),3.35,"STOCKLEY BRANCH AT STOCKLEY, DE",5.24,6.33,0.64,4.05,1.2
1992,,Assawoman Bay (in DE),3.35,MILLSBORO POND OUTLET AT MILLSBORO,61.7,80.3,0.05,4.36,1.3
1993,,Assawoman Bay (in DE),3.35,MILLSBORO POND OUTLET AT MILLSBORO,61.7,100.3,0.05,5.45,1.6
1994,,Assawoman Bay (in DE),3.35,MILLSBORO POND OUTLET AT MILLSBORO,61.7,127.3,0.05,6.91,2.1
1995,,Assawoman Bay (in DE),3.35,MILLSBORO POND OUTLET AT MILLSBORO,61.7,64.2,0.05,3.49,1
1996,,Assawoman Bay (in DE),3.35,MILLSBORO POND OUTLET AT MILLSBORO,61.7,119.9,0.05,6.51,1.9
1997,,Assawoman Bay (in DE),3.35,MILLSBORO POND OUTLET AT MILLSBORO,61.7,84.1,0.05,4.57,1.4
1998,,Assawoman Bay (in DE),3.35,MILLSBORO POND OUTLET AT MILLSBORO,61.7,124.6,0.05,6.77,2
1999,,Assawoman Bay (in DE),3.35,BEAVERDAM DITCH NEAR MILLVILLE,2.24,3.09,1.5,4.62,1.4
2000,,Assawoman Bay (in DE),3.35,BEAVERDAM DITCH NEAR MILLVILLE,2.24,5.07,1.5,7.58,2.3
2001,,Assawoman Bay (in DE),3.35,BEAVERDAM DITCH NEAR MILLVILLE,2.24,2.84,1.5,4.25,1.3
2002,,Assawoman Bay (in DE),3.35,BEAVERDAM DITCH NEAR MILLVILLE,2.24,3.68,1.5,5.5,1.6
2003,,Assawoman Bay (in DE),3.35,BEAVERDAM DITCH NEAR MILLVILLE,2.24,7.18,1.5,10.74,3.2
2004,,Assawoman Bay (in DE),3.35,BEAVERDAM DITCH NEAR MILLVILLE,2.24,3.85,1.5,5.76,1.7
2005,,Assawoman Bay (in DE),3.35,BEAVERDAM DITCH NEAR MILLVILLE,2.24,4.78,1.5,7.15,2.1
2006,,Assawoman Bay (in DE),3.35,BEAVERDAM DITCH NEAR MILLVILLE,2.24,2.91,1.5,4.35,1.3
2007,,Assawoman Bay (in DE),3.35,BEAVERDAM DITCH NEAR MILLVILLE,2.24,2.61,1.5,3.9,1.2
2008,,Assawoman Bay (in DE),3.35,BEAVERDAM DITCH NEAR MILLVILLE,2.24,3.68,1.5,5.5,1.6
2009,,Assawoman Bay (in DE),3.35,BEAVERDAM DITCH NEAR MILLVILLE,2.24,4.93,1.5,7.37,2.2
2010,,Assawoman Bay (in DE),3.35,BEAVERDAM DITCH NEAR MILLVILLE,2.24,3.23,1.5,4.83,1.4
2011,,Assawoman Bay (in DE),3.35,BEAVERDAM DITCH NEAR MILLVILLE,2.24,2.7,1.5,4.04,1.2
2012,,Assawoman Bay (in DE),3.35,BEAVERDAM DITCH NEAR MILLVILLE,2.24,4.55,1.5,6.8,2
2013,,Assawoman Bay (in DE),3.35,BEAVERDAM DITCH NEAR MILLVILLE,2.24,5.65,1.5,8.45,2.5
2014,,Assawoman Bay (in DE),3.35,BEAVERDAM DITCH NEAR MILLVILLE,2.24,3.26,1.5,4.88,1.5
2015,,Assawoman Bay (in DE),3.35,BEAVERDAM DITCH NEAR MILLVILLE,2.24,4.62,1.5,6.91,2.1
2016,,Assawoman Bay (in DE),3.35,BEAVERDAM DITCH NEAR MILLVILLE,2.24,4.63,1.5,6.92,2.1
2017,,Assawoman Bay (in DE),3.35,BEAVERDAM DITCH NEAR MILLVILLE,2.24,3.97,1.5,5.94,1.8
2018,,Assawoman Bay (in DE),3.35,BEAVERDAM DITCH NEAR MILLVILLE,2.24,8.41,1.5,12.58,3.8
2019,,Assawoman Bay (in DE),3.35,BEAVERDAM DITCH NEAR MILLVILLE,2.24,3.44,1.5,5.14,1.5
